element_id,element_name,category,description
1.A.1.a.1,Oral Comprehension,Abilities,The ability to listen to and understand information and ideas presented through spoken words and sentences.
1.A.1.a.2,Written Comprehension,Abilities,The ability to read and understand information and ideas presented in writing.
1.A.1.b.1,Oral Expression,Abilities,The ability to communicate information and ideas in speaking so others will understand.
1.A.1.b.2,Written Expression,Abilities,The ability to communicate information and ideas in writing so others will understand.
1.A.1.b.3,Fluency of Ideas,Abilities,The ability to come up with a number of ideas about a topic.
1.A.1.b.4,Originality,Abilities,The ability to come up with unusual or clever ideas about a given topic or situation.
1.A.1.b.5,Problem Sensitivity,Abilities,The ability to tell when something is wrong or is likely to go wrong.
1.A.1.c.1,Deductive Reasoning,Abilities,The ability to apply general rules to specific problems to produce answers that make sense.
1.A.1.c.2,Inductive Reasoning,Abilities,The ability to combine pieces of information to form general rules or conclusions.
1.A.1.d.1,Information Ordering,Abilities,The ability to arrange things or actions in a certain order according to a specific rule or set of rules.
1.A.1.e.1,Mathematical Reasoning,Abilities,The ability to choose the right mathematical methods or formulas to solve a problem.
1.A.1.f.1,Number Facility,Abilities,"The ability to add, subtract, multiply, or divide quickly and correctly."
1.A.2.a.2,Flexibility of Closure,Abilities,The ability to identify or detect a known pattern that is hidden in other distracting material.
1.A.2.b.1,Selective Attention,Abilities,The ability to concentrate on a task over a period of time without being distracted.
1.A.2.b.2,Time Sharing,Abilities,The ability to shift back and forth between two or more activities or sources of information.
1.A.4.a.1,Near Vision,Abilities,The ability to see details at close range within a few feet of the observer.
