occupation_code,occupation_title,description
15-1252.00,Software Developers,"Research, design, and develop computer and network software or specialized utility programs."
15-1254.00,Web Developers,"Design, create, and modify websites. Analyze user needs to implement website content, graphics, performance, and capacity."
15-1211.00,Computer Systems Analysts,"Analyze science, engineering, business, and other data processing problems to develop and implement solutions."
15-1212.00,Information Security Analysts,"Plan, implement, upgrade, or monitor security measures for the protection of computer networks and information."
15-1242.00,Database Administrators and Architects,"Administer, test, and implement computer databases, applying knowledge of database management systems."
15-2051.00,Data Scientists,"Develop and implement methods to collect, process, and analyze large datasets to identify patterns and trends."
11-3021.00,Computer and Information Systems Managers,"Plan, direct, or coordinate activities in electronic data processing, information systems, systems analysis, and computer programming."
11-2022.00,Sales Managers,"Plan, direct, or coordinate the actual distribution or movement of a product or service to the customer."
11-2021.00,Advertising and Promotions Managers,"Plan, direct, or coordinate advertising policies and programs or produce collateral materials."
13-2051.00,Financial Analysts,Conduct quantitative analyses of information involving investment programs or financial data of public or private institutions.
11-3121.00,Human Resources Managers,"Plan, direct, or coordinate human resources activities and staff of an organization."
13-1071.00,Human Resources Specialists,"Recruit, screen, interview, or place individuals within an organization."
11-1021.00,General and Operations Managers,"Plan, direct, or coordinate the operations of public or private sector organizations."
43-4051.00,Customer Service Representatives,Interact with customers to provide basic or scripted information in response to routine inquiries about products and services.
13-2011.00,Accountants and Auditors,"Examine, analyze, and interpret accounting records to prepare financial statements or give advice."
13-1111.00,Management Analysts,"Conduct organizational studies and evaluations, design systems and procedures, and conduct work simplification and measurement studies."
13-1082.00,Project Management Specialists,"Analyze and coordinate the schedule, timeline, procurement, staffing, and budget of a product or project."
27-3042.00,Technical Writers,"Write technical materials, such as equipment manuals, appendices, or operating and maintenance instructions."
13-1161.00,Market Research Analysts and Marketing Specialists,"Research conditions in local, regional, national, or online markets."
13-1151.00,Training and Development Specialists,Design or conduct work-related training and development programs to improve performance.
