match_id,candidate_id,job_id,required_skill_score,skill_proficiency_score,experience_score,project_relevance_score,interview_score,problem_solving_score,education_score,overall_match_score,mandatory_requirements_met,mandatory_requirements_failed,calculation_version,calculated_at
MATCH0001,CAN001,JOB030,12.0,92.2,100,33.5,98.7,100,78.1,64.5,0,4,1.0,2026-09-15T12:00:00
MATCH0002,CAN001,JOB024,0,92.2,100,28.5,85.5,93.0,86.4,58.1,0,4,1.0,2026-09-15T12:00:00
MATCH0003,CAN002,JOB003,0,56.0,100,32.4,59.2,65.5,81.4,46.1,0,4,1.0,2026-09-15T12:00:00
MATCH0004,CAN003,JOB023,0,85.2,100,36.0,58.8,44.5,49.3,47.1,0,4,1.0,2026-09-15T12:00:00
MATCH0005,CAN004,JOB001,16.0,78.8,100,30.2,83.3,90.6,78.3,60.1,0,3,1.0,2026-09-15T12:00:00
MATCH0006,CAN005,JOB028,0,85.6,100,47.5,87.1,91.2,76.7,58.6,0,4,1.0,2026-09-15T12:00:00
MATCH0007,CAN006,JOB024,0,92.5,100,35.5,54.7,57.8,87.8,50.8,0,4,1.0,2026-09-15T12:00:00
MATCH0008,CAN007,JOB026,0,84.2,100,33.7,63.9,57.3,73.6,50.0,0,3,1.0,2026-09-15T12:00:00
MATCH0009,CAN007,JOB028,0,84.2,100,33.3,50.7,51.5,85.9,48.0,0,4,1.0,2026-09-15T12:00:00
MATCH0010,CAN008,JOB029,0,87.4,100,24.2,90.4,100,56.7,56.9,0,3,1.0,2026-09-15T12:00:00
MATCH0011,CAN009,JOB021,6.2,46.8,89.7,33.7,53.9,73.4,80.0,45.1,1,2,1.0,2026-09-15T12:00:00
MATCH0012,CAN009,JOB030,13.3,46.8,66.1,35.9,55.9,64.7,85.7,43.7,0,4,1.0,2026-09-15T12:00:00
MATCH0013,CAN010,JOB010,0,77.5,100,35.6,89.5,91.7,88.3,57.2,0,3,1.0,2026-09-15T12:00:00
MATCH0014,CAN011,JOB003,12.1,56.0,100,30.3,69.5,68.2,71.5,50.9,1,3,1.0,2026-09-15T12:00:00
MATCH0015,CAN012,JOB010,0,55.0,100,38.8,62.1,59.2,76.9,46.2,0,3,1.0,2026-09-15T12:00:00
MATCH0016,CAN012,JOB027,12.0,55.0,100,45.9,48.8,66.9,56.0,48.2,0,4,1.0,2026-09-15T12:00:00
MATCH0017,CAN013,JOB024,0,59.0,100,40.6,74.6,71.1,78.8,50.1,0,4,1.0,2026-09-15T12:00:00
MATCH0018,CAN013,JOB028,0,59.0,100,44.9,62.8,54.1,87.5,47.5,0,4,1.0,2026-09-15T12:00:00
MATCH0019,CAN014,JOB019,0,75.0,100,29.2,49.2,43.8,75.5,44.7,0,3,1.0,2026-09-15T12:00:00
MATCH0020,CAN015,JOB022,0,85.0,16.1,55.8,68.1,72.0,78.5,42.1,0,4,1.0,2026-09-15T12:00:00
MATCH0021,CAN016,JOB017,0,78.1,100,45.7,47.2,42.5,86.5,46.9,0,3,1.0,2026-09-15T12:00:00
MATCH0022,CAN017,JOB008,0,54.6,100,58.2,64.3,58.8,92.6,49.2,0,3,1.0,2026-09-15T12:00:00
MATCH0023,CAN017,JOB015,11.0,54.6,100,38.3,57.6,59.7,82.4,49.0,1,2,1.0,2026-09-15T12:00:00
MATCH0024,CAN018,JOB007,10.5,86.3,100,33.5,42.1,54.7,93.9,50.9,1,2,1.0,2026-09-15T12:00:00
MATCH0025,CAN019,JOB007,10.0,87.3,100,35.3,57.8,62.8,30.7,51.1,0,3,1.0,2026-09-15T12:00:00
MATCH0026,CAN019,JOB016,13.0,87.3,42.5,34.4,63.5,49.8,42.2,43.4,0,4,1.0,2026-09-15T12:00:00
MATCH0027,CAN020,JOB011,6.7,46.5,100,56.1,33.7,31.1,33.6,39.4,1,3,1.0,2026-09-15T12:00:00
MATCH0028,CAN021,JOB018,9.6,64.0,22.1,25.6,80.1,92.5,78.8,43.6,1,4,1.0,2026-09-15T12:00:00
MATCH0029,CAN021,JOB021,32.8,64.0,20.8,30.4,100,89.2,74.3,53.2,1,2,1.0,2026-09-15T12:00:00
MATCH0030,CAN022,JOB030,0,71.0,21.0,34.1,94.7,94.4,36.5,42.7,0,4,1.0,2026-09-15T12:00:00
MATCH0031,CAN023,JOB002,0,25.5,100,41.7,44.6,44.3,78.6,38.0,0,3,1.0,2026-09-15T12:00:00
MATCH0032,CAN023,JOB016,8.1,25.5,100,34.0,56.0,37.8,30.8,38.4,0,4,1.0,2026-09-15T12:00:00
MATCH0033,CAN024,JOB025,14.0,74.9,47.7,34.5,52.1,41.3,76.8,41.8,1,2,1.0,2026-09-15T12:00:00
MATCH0034,CAN025,JOB024,7.0,75.6,20.8,28.9,82.2,69.4,53.8,41.4,0,4,1.0,2026-09-15T12:00:00
MATCH0035,CAN026,JOB022,7.0,83.8,100,50.0,100,84.4,96.0,62.9,0,4,1.0,2026-09-15T12:00:00
MATCH0036,CAN027,JOB002,0,38.4,47.5,47.7,45.0,30.3,78.1,31.3,0,3,1.0,2026-09-15T12:00:00
MATCH0037,CAN027,JOB024,0,38.4,59.8,36.3,26.8,33.2,80.0,29.7,0,4,1.0,2026-09-15T12:00:00
MATCH0038,CAN028,JOB024,0,60.8,100,24.1,60.9,56.4,87.7,45.7,0,4,1.0,2026-09-15T12:00:00
MATCH0039,CAN029,JOB025,0,85.9,25.9,40.0,51.6,57.1,52.3,36.8,0,3,1.0,2026-09-15T12:00:00
MATCH0040,CAN029,JOB026,0,85.9,68.8,42.3,65.2,47.3,56.2,44.8,0,3,1.0,2026-09-15T12:00:00
MATCH0041,CAN030,JOB017,0,73.5,35.8,34.1,83.9,80.3,47.7,42.8,0,3,1.0,2026-09-15T12:00:00
MATCH0042,CAN031,JOB009,8.0,80.0,21.3,72.5,56.3,54.9,49.2,41.2,0,4,1.0,2026-09-15T12:00:00
MATCH0043,CAN032,JOB007,0,81.5,100,43.5,91.4,88.6,70.2,57.7,0,3,1.0,2026-09-15T12:00:00
MATCH0044,CAN033,JOB014,0,59.0,100,24.5,68.6,69.0,51.2,46.1,0,3,1.0,2026-09-15T12:00:00
MATCH0045,CAN033,JOB010,0,59.0,100,30.9,62.9,76.0,90.8,48.5,0,3,1.0,2026-09-15T12:00:00
MATCH0046,CAN034,JOB008,0,48.9,100,38.7,66.5,53.8,76.1,45.4,0,3,1.0,2026-09-15T12:00:00
MATCH0047,CAN034,JOB024,0,48.9,100,43.7,66.8,59.5,76.0,46.5,0,4,1.0,2026-09-15T12:00:00
MATCH0048,CAN035,JOB011,0,55.1,100,43.8,62.8,51.8,65.4,45.5,0,4,1.0,2026-09-15T12:00:00
MATCH0049,CAN035,JOB015,16.0,55.1,100,38.4,59.5,56.6,74.2,50.2,1,2,1.0,2026-09-15T12:00:00
MATCH0050,CAN036,JOB029,0,76.8,100,36.7,54.1,55.9,76.9,47.7,0,3,1.0,2026-09-15T12:00:00
MATCH0051,CAN036,JOB027,12.0,76.8,100,35.4,37.5,26.3,87.3,46.3,0,4,1.0,2026-09-15T12:00:00
MATCH0052,CAN037,JOB030,0,72.2,11.2,37.6,92.6,68.2,92.5,41.6,0,4,1.0,2026-09-15T12:00:00
MATCH0053,CAN038,JOB020,0,48.0,100,39.8,72.4,54.2,76.2,46.3,0,4,1.0,2026-09-15T12:00:00
MATCH0054,CAN038,JOB004,0,48.0,100,45.7,78.3,75.4,87.8,50.4,0,4,1.0,2026-09-15T12:00:00
MATCH0055,CAN039,JOB027,6.0,56.2,100,42.9,58.8,67.0,76.7,48.9,0,4,1.0,2026-09-15T12:00:00
MATCH0056,CAN039,JOB026,0,56.2,100,40.6,60.7,59.8,76.7,46.4,0,3,1.0,2026-09-15T12:00:00
MATCH0057,CAN040,JOB002,17.3,60.4,100,27.1,71.6,70.4,89.9,54.2,0,3,1.0,2026-09-15T12:00:00
MATCH0058,CAN040,JOB019,7.0,60.4,100,43.5,77.6,71.9,74.5,53.1,1,2,1.0,2026-09-15T12:00:00
MATCH0059,CAN041,JOB010,0,32.2,100,46.7,25.6,30.5,81.1,35.4,0,3,1.0,2026-09-15T12:00:00
MATCH0060,CAN042,JOB012,0,82.6,100,36.6,95.4,73.0,88.9,57.1,0,4,1.0,2026-09-15T12:00:00
MATCH0061,CAN043,JOB002,0,82.8,93.6,34.8,87.4,81.7,87.4,55.6,0,3,1.0,2026-09-15T12:00:00
MATCH0062,CAN043,JOB004,16.0,82.8,100,41.3,91.2,91.9,80.3,63.2,0,4,1.0,2026-09-15T12:00:00
MATCH0063,CAN044,JOB010,0,31.2,31.6,38.6,33.1,25.6,90.1,25.3,0,3,1.0,2026-09-15T12:00:00
MATCH0064,CAN044,JOB002,7.0,31.2,6.0,34.4,45.5,30.6,91.8,25.6,1,2,1.0,2026-09-15T12:00:00
MATCH0065,CAN045,JOB023,15.2,32.2,100,35.2,35.0,29.7,90.4,40.6,0,4,1.0,2026-09-15T12:00:00
MATCH0066,CAN046,JOB024,0,77.0,33.2,34.9,88.8,91.9,88.0,46.9,0,4,1.0,2026-09-15T12:00:00
MATCH0067,CAN046,JOB003,0,77.0,67.0,42.6,88.7,74.1,78.2,50.5,0,4,1.0,2026-09-15T12:00:00
MATCH0068,CAN047,JOB026,0,91.1,21.4,45.7,53.7,47.3,75.5,38.0,0,3,1.0,2026-09-15T12:00:00
MATCH0069,CAN047,JOB001,0,91.1,25.5,36.0,51.6,54.8,84.4,38.5,0,3,1.0,2026-09-15T12:00:00
MATCH0070,CAN048,JOB015,0,53.5,100,25.7,57.2,48.0,44.6,41.2,0,3,1.0,2026-09-15T12:00:00
MATCH0071,CAN048,JOB002,4.4,53.5,78.8,24.5,73.7,59.0,45.4,42.8,1,2,1.0,2026-09-15T12:00:00
MATCH0072,CAN049,JOB002,0,66.4,30.7,43.4,84.3,84.7,94.9,44.8,0,3,1.0,2026-09-15T12:00:00
MATCH0073,CAN050,JOB008,0,39.8,100,36.0,48.0,41.7,89.4,40.4,0,3,1.0,2026-09-15T12:00:00
MATCH0074,CAN050,JOB029,0,39.8,100,34.6,44.4,37.7,78.3,38.8,0,3,1.0,2026-09-15T12:00:00
MATCH0075,CAN051,JOB003,0,79.0,59.3,38.3,87.3,80.0,79.1,49.6,0,4,1.0,2026-09-15T12:00:00
MATCH0076,CAN052,JOB006,0,55.2,100,51.8,62.6,57.6,82.7,47.7,0,4,1.0,2026-09-15T12:00:00
MATCH0077,CAN053,JOB028,0,86.6,100,28.5,52.6,54.3,73.7,47.8,0,4,1.0,2026-09-15T12:00:00
MATCH0078,CAN053,JOB003,0,86.6,57.5,35.1,49.8,46.8,80.8,41.3,0,4,1.0,2026-09-15T12:00:00
MATCH0079,CAN054,JOB022,4.5,59.7,100,51.6,80.0,65.8,71.3,52.6,1,3,1.0,2026-09-15T12:00:00
MATCH0080,CAN055,JOB014,0,89.7,100,37.5,45.8,68.6,73.8,49.6,0,3,1.0,2026-09-15T12:00:00
MATCH0081,CAN055,JOB024,17.0,89.7,100,29.8,51.2,38.6,89.9,52.6,1,3,1.0,2026-09-15T12:00:00
MATCH0082,CAN056,JOB017,0,83.3,100,42.0,79.3,86.5,76.5,56.1,0,3,1.0,2026-09-15T12:00:00
MATCH0083,CAN056,JOB007,0,83.3,100,22.4,85.6,81.0,39.3,52.6,0,3,1.0,2026-09-15T12:00:00
MATCH0084,CAN057,JOB008,0,54.6,38.4,37.0,49.1,47.3,48.4,32.2,0,3,1.0,2026-09-15T12:00:00
MATCH0085,CAN058,JOB012,0,76.2,100,43.3,27.6,50.0,73.0,43.5,0,4,1.0,2026-09-15T12:00:00
MATCH0086,CAN059,JOB009,0,57.0,100,48.0,54.2,65.8,44.2,45.3,0,4,1.0,2026-09-15T12:00:00
MATCH0087,CAN059,JOB025,0,57.0,100,46.7,58.8,66.7,55.2,46.5,0,3,1.0,2026-09-15T12:00:00
MATCH0088,CAN060,JOB026,0,80.8,81.8,35.3,76.7,83.3,86.9,52.1,0,3,1.0,2026-09-15T12:00:00
MATCH0089,CAN061,JOB029,0,87.1,100,31.4,79.0,86.8,86.0,56.0,0,3,1.0,2026-09-15T12:00:00
MATCH0090,CAN061,JOB020,0,87.1,100,34.0,91.7,77.2,80.0,56.9,0,4,1.0,2026-09-15T12:00:00
MATCH0091,CAN062,JOB006,12.0,34.6,100,49.6,25.9,25.0,49.6,37.6,0,4,1.0,2026-09-15T12:00:00
MATCH0092,CAN063,JOB029,0,90.0,100,33.5,90.0,91.0,90.1,59.0,0,3,1.0,2026-09-15T12:00:00
MATCH0093,CAN063,JOB020,0,90.0,100,35.2,74.8,77.2,89.3,55.4,0,4,1.0,2026-09-15T12:00:00
MATCH0094,CAN064,JOB019,0,79.0,100,36.2,78.8,83.5,80.3,54.7,0,3,1.0,2026-09-15T12:00:00
MATCH0095,CAN065,JOB011,13.3,71.2,72.3,36.0,84.9,85.3,73.0,54.0,1,3,1.0,2026-09-15T12:00:00
MATCH0096,CAN066,JOB012,24.0,82.1,100,41.0,39.9,44.9,90.2,53.6,0,4,1.0,2026-09-15T12:00:00
MATCH0097,CAN067,JOB009,0,70.2,100,44.7,41.1,39.5,41.6,42.2,0,4,1.0,2026-09-15T12:00:00
MATCH0098,CAN068,JOB027,0,61.0,100,36.9,66.3,68.1,65.6,47.9,0,4,1.0,2026-09-15T12:00:00
MATCH0099,CAN069,JOB002,20.0,92.1,69.3,40.0,92.3,98.6,71.5,61.5,0,3,1.0,2026-09-15T12:00:00
MATCH0100,CAN070,JOB027,0,85.7,100,41.2,63.3,55.4,76.7,50.8,0,4,1.0,2026-09-15T12:00:00
MATCH0101,CAN070,JOB030,18.9,85.7,100,36.3,46.7,43.9,83.0,52.7,1,3,1.0,2026-09-15T12:00:00
MATCH0102,CAN071,JOB019,0,56.8,100,42.1,79.9,55.1,93.2,49.9,0,3,1.0,2026-09-15T12:00:00
MATCH0103,CAN072,JOB022,0,53.2,100,40.9,75.5,73.0,80.6,49.7,0,4,1.0,2026-09-15T12:00:00
MATCH0104,CAN073,JOB002,0,81.2,100,29.1,85.2,74.9,70.8,53.9,0,3,1.0,2026-09-15T12:00:00
MATCH0105,CAN074,JOB023,15.0,83.5,100,28.9,87.6,100,71.6,61.6,0,4,1.0,2026-09-15T12:00:00
MATCH0106,CAN074,JOB008,9.9,83.5,100,39.3,91.9,85.6,73.0,60.4,1,2,1.0,2026-09-15T12:00:00
MATCH0107,CAN075,JOB026,0,55.6,100,44.5,52.0,54.3,88.9,45.5,0,3,1.0,2026-09-15T12:00:00
MATCH0108,CAN075,JOB023,0,55.6,100,34.5,46.2,59.8,88.1,44.1,0,4,1.0,2026-09-15T12:00:00
MATCH0109,CAN076,JOB013,9.2,60.0,100,31.6,78.2,76.5,83.5,53.5,1,2,1.0,2026-09-15T12:00:00
MATCH0110,CAN076,JOB030,0,60.0,100,37.5,61.3,66.3,77.1,47.4,0,4,1.0,2026-09-15T12:00:00
MATCH0111,CAN077,JOB023,0,69.2,100,36.4,85.6,92.2,74.8,54.8,0,4,1.0,2026-09-15T12:00:00
MATCH0112,CAN077,JOB020,0,69.2,47.1,28.8,72.6,85.6,87.0,44.1,0,4,1.0,2026-09-15T12:00:00
MATCH0113,CAN078,JOB006,0,64.1,48.3,47.8,77.6,80.0,31.9,42.9,0,4,1.0,2026-09-15T12:00:00
MATCH0114,CAN078,JOB030,0,64.1,28.1,31.9,93.4,92.3,44.4,42.5,0,4,1.0,2026-09-15T12:00:00
MATCH0115,CAN079,JOB012,0,87.8,100,32.8,54.8,57.8,94.8,50.2,0,4,1.0,2026-09-15T12:00:00
MATCH0116,CAN079,JOB016,12.3,87.8,100,35.5,45.3,47.2,52.8,49.6,1,3,1.0,2026-09-15T12:00:00
MATCH0117,CAN080,JOB002,0,77.5,31.3,43.8,51.5,59.0,78.9,38.3,0,3,1.0,2026-09-15T12:00:00
MATCH0118,CAN081,JOB008,0,80.7,100,36.5,94.9,77.3,79.7,56.7,0,3,1.0,2026-09-15T12:00:00
MATCH0119,CAN082,JOB019,0,85.6,100,35.1,68.2,56.6,79.7,51.2,0,3,1.0,2026-09-15T12:00:00
MATCH0120,CAN083,JOB020,0,76.2,80.2,30.4,37.5,39.7,81.3,40.2,0,4,1.0,2026-09-15T12:00:00
MATCH0121,CAN084,JOB026,0,55.4,100,36.5,76.5,80.2,86.5,50.8,0,3,1.0,2026-09-15T12:00:00
MATCH0122,CAN085,JOB027,0,82.4,100,41.4,86.9,88.2,93.8,58.0,0,4,1.0,2026-09-15T12:00:00
MATCH0123,CAN085,JOB020,0,82.4,100,40.0,88.7,83.9,88.0,57.5,0,4,1.0,2026-09-15T12:00:00
MATCH0124,CAN086,JOB002,0,87.3,100,37.2,57.0,61.2,91.0,51.0,0,3,1.0,2026-09-15T12:00:00
MATCH0125,CAN086,JOB009,0,87.3,100,48.0,46.0,63.9,49.3,48.6,0,4,1.0,2026-09-15T12:00:00
MATCH0126,CAN087,JOB001,16.6,31.4,70.2,24.9,27.1,42.6,76.0,34.8,0,3,1.0,2026-09-15T12:00:00
MATCH0127,CAN087,JOB010,0,31.4,69.4,32.9,43.9,41.9,76.4,33.0,0,3,1.0,2026-09-15T12:00:00
MATCH0128,CAN088,JOB001,0,60.6,100,40.4,73.3,55.6,55.3,47.5,0,3,1.0,2026-09-15T12:00:00
MATCH0129,CAN088,JOB026,0,60.6,100,38.2,65.8,71.4,32.2,46.5,0,3,1.0,2026-09-15T12:00:00
MATCH0130,CAN089,JOB014,0,91.0,100,32.6,54.9,56.8,94.3,50.5,0,3,1.0,2026-09-15T12:00:00
MATCH0131,CAN090,JOB030,0,46.2,100,34.4,59.6,57.2,79.8,44.0,0,4,1.0,2026-09-15T12:00:00
MATCH0132,CAN090,JOB017,0,46.2,100,40.1,68.1,49.6,92.2,45.7,0,3,1.0,2026-09-15T12:00:00
MATCH0133,CAN091,JOB012,20.0,87.2,22.4,39.9,41.2,56.5,90.2,42.8,0,4,1.0,2026-09-15T12:00:00
MATCH0134,CAN091,JOB004,16.0,87.2,21.2,48.1,48.4,54.0,83.9,42.7,0,4,1.0,2026-09-15T12:00:00
MATCH0135,CAN092,JOB008,0,59.3,100,51.9,71.0,79.6,77.7,51.6,0,3,1.0,2026-09-15T12:00:00
MATCH0136,CAN092,JOB016,15.0,59.3,100,31.1,73.8,57.7,33.4,50.0,0,4,1.0,2026-09-15T12:00:00
MATCH0137,CAN093,JOB008,0,49.1,19.2,64.8,55.5,56.9,43.7,32.9,0,3,1.0,2026-09-15T12:00:00
MATCH0138,CAN093,JOB020,0,49.1,16.5,39.9,64.5,67.4,70.7,33.8,0,4,1.0,2026-09-15T12:00:00
MATCH0139,CAN094,JOB007,0,61.3,100,38.0,71.3,86.2,51.8,49.9,0,3,1.0,2026-09-15T12:00:00
MATCH0140,CAN094,JOB028,0,61.3,100,39.7,66.2,57.0,69.3,47.3,0,4,1.0,2026-09-15T12:00:00
MATCH0141,CAN095,JOB007,0,37.5,49.8,37.2,40.0,24.1,50.5,27.8,0,3,1.0,2026-09-15T12:00:00
MATCH0142,CAN096,JOB026,0,84.8,64.6,29.9,88.7,81.2,55.3,49.6,0,3,1.0,2026-09-15T12:00:00
MATCH0143,CAN096,JOB029,0,84.8,100,27.7,91.4,93.1,52.4,56.1,0,3,1.0,2026-09-15T12:00:00
MATCH0144,CAN097,JOB003,0,65.2,15.6,35.4,94.2,78.3,84.8,41.9,0,4,1.0,2026-09-15T12:00:00
MATCH0145,CAN097,JOB027,25.7,65.2,28.5,42.2,85.8,100,77.6,52.7,2,2,1.0,2026-09-15T12:00:00
MATCH0146,CAN098,JOB020,0,55.8,52.4,30.7,71.1,59.4,68.0,39.3,0,4,1.0,2026-09-15T12:00:00
MATCH0147,CAN098,JOB002,7.4,55.8,42.8,36.6,49.7,49.8,84.8,37.3,1,2,1.0,2026-09-15T12:00:00
MATCH0148,CAN099,JOB029,0,78.6,100,34.7,41.1,40.2,56.3,43.3,0,3,1.0,2026-09-15T12:00:00
MATCH0149,CAN100,JOB017,0,75.8,5.3,47.1,66.1,73.0,50.1,36.6,0,3,1.0,2026-09-15T12:00:00
MATCH0150,CAN100,JOB008,0,75.8,20.2,98.7,92.4,78.0,46.1,48.2,0,3,1.0,2026-09-15T12:00:00
MATCH0151,CAN101,JOB015,0,92.2,100,42.9,82.1,87.0,81.6,58.2,0,3,1.0,2026-09-15T12:00:00
MATCH0152,CAN101,JOB028,0,92.2,100,33.1,96.7,92.5,88.0,60.3,0,4,1.0,2026-09-15T12:00:00
MATCH0153,CAN102,JOB017,0,91.0,21.5,45.2,65.1,56.1,83.9,41.0,0,3,1.0,2026-09-15T12:00:00
MATCH0154,CAN102,JOB007,0,91.0,63.1,36.5,53.0,52.7,36.4,41.8,0,3,1.0,2026-09-15T12:00:00
MATCH0155,CAN103,JOB020,0,65.3,32.6,31.9,97.4,88.1,81.4,45.4,0,4,1.0,2026-09-15T12:00:00
MATCH0156,CAN103,JOB015,0,65.3,90.8,33.0,87.1,71.8,85.7,51.2,0,3,1.0,2026-09-15T12:00:00
MATCH0157,CAN104,JOB013,0,81.4,30.3,33.5,76.4,92.3,39.6,42.8,0,3,1.0,2026-09-15T12:00:00
MATCH0158,CAN104,JOB025,0,81.4,39.0,31.5,72.2,90.3,33.9,42.8,0,3,1.0,2026-09-15T12:00:00
MATCH0159,CAN105,JOB011,3.9,32.0,100,39.5,50.3,49.0,37.5,39.2,0,4,1.0,2026-09-15T12:00:00
MATCH0160,CAN105,JOB003,0,32.0,100,40.4,48.4,35.5,47.9,37.0,0,4,1.0,2026-09-15T12:00:00
MATCH0161,CAN106,JOB006,0,54.2,100,32.0,61.4,58.1,91.7,45.9,0,4,1.0,2026-09-15T12:00:00
MATCH0162,CAN107,JOB003,0,37.9,100,43.2,43.7,34.1,57.3,37.8,0,4,1.0,2026-09-15T12:00:00
MATCH0163,CAN108,JOB019,10.0,90.0,100,43.4,85.6,83.7,76.7,60.9,1,2,1.0,2026-09-15T12:00:00
MATCH0164,CAN108,JOB022,0,90.0,100,68.7,90.8,93.2,89.9,62.8,0,4,1.0,2026-09-15T12:00:00
MATCH0165,CAN109,JOB024,0,74.5,11.2,35.0,72.8,72.5,86.5,38.9,0,4,1.0,2026-09-15T12:00:00
MATCH0166,CAN110,JOB027,22.0,76.2,96.2,45.1,83.5,87.6,86.8,62.6,1,3,1.0,2026-09-15T12:00:00
MATCH0167,CAN111,JOB012,11.0,82.0,78.0,40.8,71.3,67.5,81.5,52.9,0,4,1.0,2026-09-15T12:00:00
MATCH0168,CAN111,JOB010,22.7,82.0,84.6,29.5,67.5,92.4,84.3,58.3,1,2,1.0,2026-09-15T12:00:00
MATCH0169,CAN112,JOB029,0,36.9,100,28.1,56.8,40.2,32.4,37.5,0,3,1.0,2026-09-15T12:00:00
MATCH0170,CAN113,JOB021,0,86.8,26.8,41.3,80.5,85.6,81.0,45.9,0,3,1.0,2026-09-15T12:00:00
MATCH0171,CAN113,JOB013,0,86.8,13.3,40.8,85.8,79.8,88.8,44.4,0,3,1.0,2026-09-15T12:00:00
MATCH0172,CAN114,JOB029,0,55.5,100,33.6,71.7,60.2,52.0,46.1,0,3,1.0,2026-09-15T12:00:00
MATCH0173,CAN115,JOB002,0,75.5,100,34.1,30.9,48.6,74.3,42.9,0,3,1.0,2026-09-15T12:00:00
MATCH0174,CAN116,JOB021,0,83.8,100,40.8,81.9,90.9,73.2,56.7,0,3,1.0,2026-09-15T12:00:00
MATCH0175,CAN117,JOB009,20.0,88.1,100,68.2,54.3,48.6,56.6,56.9,1,3,1.0,2026-09-15T12:00:00
MATCH0176,CAN117,JOB005,0,88.1,100,40.1,44.0,48.3,37.4,45.5,0,3,1.0,2026-09-15T12:00:00
MATCH0177,CAN118,JOB024,7.0,94.9,100,34.2,58.8,69.9,72.2,54.2,0,4,1.0,2026-09-15T12:00:00
MATCH0178,CAN118,JOB020,13.0,94.9,100,42.1,59.8,68.2,76.2,56.9,0,4,1.0,2026-09-15T12:00:00
MATCH0179,CAN119,JOB028,0,56.2,100,33.8,58.8,67.2,79.4,46.3,0,4,1.0,2026-09-15T12:00:00
MATCH0180,CAN120,JOB018,0,32.7,100,52.3,36.1,24.4,52.4,35.6,0,5,1.0,2026-09-15T12:00:00
MATCH0181,CAN121,JOB028,0,49.4,100,34.6,74.4,69.7,64.2,47.2,0,4,1.0,2026-09-15T12:00:00
MATCH0182,CAN121,JOB013,0,49.4,100,36.9,66.9,77.4,84.3,48.1,0,3,1.0,2026-09-15T12:00:00
MATCH0183,CAN122,JOB002,32.5,86.2,14.3,30.9,61.0,44.1,83.3,45.6,0,3,1.0,2026-09-15T12:00:00
MATCH0184,CAN123,JOB012,25.9,85.4,100,34.9,43.6,38.0,88.9,53.9,1,3,1.0,2026-09-15T12:00:00
MATCH0185,CAN123,JOB016,9.0,85.4,100,28.6,48.9,36.5,89.3,48.8,1,3,1.0,2026-09-15T12:00:00
MATCH0186,CAN124,JOB022,12.3,63.7,100,47.9,68.3,61.8,83.1,53.6,1,3,1.0,2026-09-15T12:00:00
MATCH0187,CAN124,JOB023,0,63.7,100,42.3,68.3,63.9,70.6,49.0,0,4,1.0,2026-09-15T12:00:00
MATCH0188,CAN125,JOB014,11.0,80.6,100,34.1,52.1,43.7,84.2,50.2,0,3,1.0,2026-09-15T12:00:00
MATCH0189,CAN126,JOB005,26.0,86.9,85.6,27.8,78.0,86.6,76.0,60.6,0,3,1.0,2026-09-15T12:00:00
MATCH0190,CAN127,JOB006,0,93.9,100,22.8,42.3,55.4,87.7,47.6,0,4,1.0,2026-09-15T12:00:00
MATCH0191,CAN127,JOB002,0,93.9,100,46.6,51.1,58.1,73.6,50.9,0,3,1.0,2026-09-15T12:00:00
MATCH0192,CAN128,JOB023,0,58.2,100,31.0,59.3,65.2,79.4,46.2,0,4,1.0,2026-09-15T12:00:00
MATCH0193,CAN128,JOB021,0,58.2,100,36.5,64.9,71.8,86.6,48.6,0,3,1.0,2026-09-15T12:00:00
MATCH0194,CAN129,JOB028,0,79.2,100,30.0,57.2,43.1,84.3,47.0,0,4,1.0,2026-09-15T12:00:00
MATCH0195,CAN130,JOB019,0,48.8,100,40.3,75.5,67.3,79.8,48.4,0,3,1.0,2026-09-15T12:00:00
MATCH0196,CAN130,JOB010,0,48.8,100,47.1,65.4,68.7,75.5,47.5,0,3,1.0,2026-09-15T12:00:00
MATCH0197,CAN131,JOB017,0,90.6,100,37.1,65.8,54.4,88.0,52.0,0,3,1.0,2026-09-15T12:00:00
MATCH0198,CAN131,JOB029,0,90.6,100,36.7,47.0,49.7,92.4,48.9,0,3,1.0,2026-09-15T12:00:00
MATCH0199,CAN132,JOB021,0,78.5,100,25.7,41.9,44.3,30.4,41.6,0,3,1.0,2026-09-15T12:00:00
MATCH0200,CAN133,JOB015,0,71.0,100,34.9,44.5,38.2,94.8,44.4,0,3,1.0,2026-09-15T12:00:00
MATCH0201,CAN134,JOB023,0,80.2,100,47.6,44.8,58.6,88.2,48.8,0,4,1.0,2026-09-15T12:00:00
MATCH0202,CAN134,JOB029,0,80.2,100,27.4,55.5,44.5,49.1,45.0,0,3,1.0,2026-09-15T12:00:00
MATCH0203,CAN135,JOB013,0,86.6,73.0,26.9,86.4,86.3,82.8,52.4,0,3,1.0,2026-09-15T12:00:00
MATCH0204,CAN135,JOB025,0,86.6,85.9,28.3,94.3,85.4,79.5,55.4,0,3,1.0,2026-09-15T12:00:00
MATCH0205,CAN136,JOB018,0,37.0,100,31.4,25.9,23.2,43.5,32.1,0,5,1.0,2026-09-15T12:00:00
MATCH0206,CAN136,JOB009,0,37.0,100,58.9,29.9,39.2,49.1,37.3,0,4,1.0,2026-09-15T12:00:00
MATCH0207,CAN137,JOB011,0,65.4,53.2,36.7,89.9,87.5,71.4,47.3,0,4,1.0,2026-09-15T12:00:00
MATCH0208,CAN137,JOB023,9.3,65.4,100,23.4,90.5,93.5,83.7,57.1,1,3,1.0,2026-09-15T12:00:00
MATCH0209,CAN138,JOB028,0,89.2,100,31.7,84.7,82.2,88.6,56.9,0,4,1.0,2026-09-15T12:00:00
MATCH0210,CAN139,JOB013,0,58.3,100,30.5,73.7,87.4,56.5,49.4,0,3,1.0,2026-09-15T12:00:00
MATCH0211,CAN140,JOB020,0,79.2,37.4,35.5,94.7,73.2,82.5,46.7,0,4,1.0,2026-09-15T12:00:00
MATCH0212,CAN141,JOB020,0,83.9,50.0,35.7,50.9,56.2,79.3,40.9,0,4,1.0,2026-09-15T12:00:00
MATCH0213,CAN141,JOB030,0,83.9,51.7,31.4,46.9,54.2,84.2,40.1,0,4,1.0,2026-09-15T12:00:00
MATCH0214,CAN142,JOB021,0,60.5,38.3,43.2,84.6,89.2,35.5,42.5,0,3,1.0,2026-09-15T12:00:00
MATCH0215,CAN142,JOB011,0,60.5,46.6,41.1,85.3,96.9,75.3,46.4,0,4,1.0,2026-09-15T12:00:00
MATCH0216,CAN143,JOB010,0,71.8,23.3,32.1,80.3,69.6,80.1,40.5,0,3,1.0,2026-09-15T12:00:00
MATCH0217,CAN144,JOB002,0,81.7,25.2,30.5,82.0,72.6,73.1,42.3,0,3,1.0,2026-09-15T12:00:00
MATCH0218,CAN144,JOB021,0,81.7,30.4,31.0,84.4,75.8,87.3,44.5,0,3,1.0,2026-09-15T12:00:00
MATCH0219,CAN145,JOB003,13.0,56.3,100,40.1,59.4,70.1,60.3,50.3,1,3,1.0,2026-09-15T12:00:00
MATCH0220,CAN146,JOB015,17.0,47.5,100,31.5,64.7,72.4,84.9,51.6,0,3,1.0,2026-09-15T12:00:00
MATCH0221,CAN146,JOB027,0,47.5,100,37.7,56.0,61.2,56.9,43.3,0,4,1.0,2026-09-15T12:00:00
MATCH0222,CAN147,JOB009,8.0,82.2,100,61.9,76.0,93.0,57.1,59.5,0,4,1.0,2026-09-15T12:00:00
MATCH0223,CAN147,JOB008,0,82.2,100,49.4,91.9,90.5,95.0,59.9,0,3,1.0,2026-09-15T12:00:00
MATCH0224,CAN148,JOB002,11.2,67.9,22.1,40.4,93.0,82.0,80.7,47.1,1,2,1.0,2026-09-15T12:00:00
MATCH0225,CAN149,JOB018,0,85.4,65.4,54.9,94.1,71.4,85.7,53.6,0,5,1.0,2026-09-15T12:00:00
MATCH0226,CAN149,JOB015,21.0,85.4,92.9,27.6,93.9,79.0,81.7,61.9,0,3,1.0,2026-09-15T12:00:00
MATCH0227,CAN150,JOB027,0,59.9,100,35.5,66.2,58.0,54.5,46.0,0,4,1.0,2026-09-15T12:00:00
MATCH0228,CAN151,JOB001,16.0,88.0,100,35.6,55.3,68.2,44.5,53.9,0,3,1.0,2026-09-15T12:00:00
MATCH0229,CAN152,JOB012,20.0,93.0,100,40.6,55.9,43.1,78.7,55.6,0,4,1.0,2026-09-15T12:00:00
MATCH0230,CAN153,JOB029,0,89.2,43.1,42.0,77.6,79.4,33.4,45.3,0,3,1.0,2026-09-15T12:00:00
MATCH0231,CAN153,JOB014,0,89.2,23.0,34.6,80.6,82.5,58.7,43.6,0,3,1.0,2026-09-15T12:00:00
MATCH0232,CAN154,JOB010,0,84.4,100,30.7,84.2,82.8,79.7,55.6,0,3,1.0,2026-09-15T12:00:00
MATCH0233,CAN155,JOB020,0,59.4,100,38.1,68.0,89.5,86.6,51.2,0,4,1.0,2026-09-15T12:00:00
MATCH0234,CAN155,JOB006,10.5,59.4,100,43.7,85.8,85.0,42.9,54.9,2,2,1.0,2026-09-15T12:00:00
MATCH0235,CAN156,JOB025,0,90.2,94.9,27.1,49.7,58.6,71.3,47.4,0,3,1.0,2026-09-15T12:00:00
MATCH0236,CAN156,JOB005,23.9,90.2,100,43.8,61.5,54.3,88.1,59.1,1,2,1.0,2026-09-15T12:00:00
MATCH0237,CAN157,JOB001,0,68.8,100,24.6,78.8,87.2,85.1,52.6,0,3,1.0,2026-09-15T12:00:00
MATCH0238,CAN157,JOB022,0,68.8,62.2,35.7,92.5,90.9,78.9,50.1,0,4,1.0,2026-09-15T12:00:00
MATCH0239,CAN158,JOB008,18.7,45.8,100,40.6,56.5,58.8,89.3,50.4,1,2,1.0,2026-09-15T12:00:00
MATCH0240,CAN159,JOB006,0,85.1,35.0,53.6,51.3,71.4,58.6,41.1,0,4,1.0,2026-09-15T12:00:00
MATCH0241,CAN160,JOB023,10.0,89.2,100,32.9,84.1,84.1,77.1,59.5,0,4,1.0,2026-09-15T12:00:00
MATCH0242,CAN160,JOB008,10.0,89.2,100,47.8,92.1,85.6,86.4,62.9,0,3,1.0,2026-09-15T12:00:00
MATCH0243,CAN161,JOB014,0,54.0,100,33.5,45.5,66.6,80.5,44.0,0,3,1.0,2026-09-15T12:00:00
MATCH0244,CAN162,JOB010,11.0,85.2,63.3,36.4,93.3,86.0,80.5,55.8,0,3,1.0,2026-09-15T12:00:00
MATCH0245,CAN162,JOB012,13.0,85.2,70.1,41.3,93.2,73.6,73.7,56.4,1,3,1.0,2026-09-15T12:00:00
MATCH0246,CAN163,JOB019,0,91.3,100,31.9,56.5,56.6,88.3,50.4,0,3,1.0,2026-09-15T12:00:00
MATCH0247,CAN163,JOB001,0,91.3,100,23.9,55.5,42.0,41.4,45.7,0,3,1.0,2026-09-15T12:00:00
MATCH0248,CAN164,JOB026,16.0,88.5,45.4,33.3,73.6,83.8,79.3,51.6,0,3,1.0,2026-09-15T12:00:00
MATCH0249,CAN165,JOB008,0,86.0,62.4,49.0,53.8,39.0,41.5,41.2,0,3,1.0,2026-09-15T12:00:00
MATCH0250,CAN165,JOB002,0,86.0,30.8,32.6,39.4,58.2,32.7,34.1,0,3,1.0,2026-09-15T12:00:00
MATCH0251,CAN166,JOB025,0,84.9,52.8,36.4,88.5,79.6,89.3,50.0,0,3,1.0,2026-09-15T12:00:00
MATCH0252,CAN167,JOB015,0,71.2,63.5,39.0,41.8,43.4,87.1,39.1,0,3,1.0,2026-09-15T12:00:00
MATCH0253,CAN168,JOB016,0,67.2,9.6,34.9,84.6,91.9,85.6,41.2,0,4,1.0,2026-09-15T12:00:00
MATCH0254,CAN168,JOB018,7.5,67.2,21.4,43.7,88.8,78.5,79.0,45.0,1,4,1.0,2026-09-15T12:00:00
MATCH0255,CAN169,JOB017,0,32.2,100,32.3,38.6,40.5,81.2,37.0,0,3,1.0,2026-09-15T12:00:00
MATCH0256,CAN170,JOB016,0,58.3,19.1,36.0,60.0,55.2,31.7,31.3,0,4,1.0,2026-09-15T12:00:00
MATCH0257,CAN171,JOB004,0,76.5,100,30.9,55.6,44.9,82.4,46.5,0,4,1.0,2026-09-15T12:00:00
MATCH0258,CAN171,JOB025,0,76.5,100,28.5,35.5,36.7,39.9,40.3,0,3,1.0,2026-09-15T12:00:00
MATCH0259,CAN172,JOB003,0,91.2,51.8,29.5,61.2,54.6,72.2,42.6,0,4,1.0,2026-09-15T12:00:00
MATCH0260,CAN172,JOB029,0,91.2,100,41.8,61.9,63.7,76.3,52.3,0,3,1.0,2026-09-15T12:00:00
MATCH0261,CAN173,JOB012,20.0,78.4,100,29.1,40.0,56.2,79.7,51.3,0,4,1.0,2026-09-15T12:00:00
MATCH0262,CAN173,JOB007,0,78.4,100,31.0,46.1,30.1,38.4,41.7,0,3,1.0,2026-09-15T12:00:00
MATCH0263,CAN174,JOB022,18.0,38.2,100,44.5,34.6,29.2,48.1,41.1,0,4,1.0,2026-09-15T12:00:00
MATCH0264,CAN174,JOB017,0,38.2,100,32.6,44.2,34.5,56.6,36.9,0,3,1.0,2026-09-15T12:00:00
MATCH0265,CAN175,JOB023,0,70.0,100,36.7,88.4,91.6,75.7,55.4,0,4,1.0,2026-09-15T12:00:00
MATCH0266,CAN176,JOB012,0,74.2,31.0,37.4,83.0,82.9,91.8,44.9,0,4,1.0,2026-09-15T12:00:00
MATCH0267,CAN177,JOB002,13.8,78.8,23.0,34.9,87.4,97.5,72.7,49.4,1,2,1.0,2026-09-15T12:00:00
MATCH0268,CAN178,JOB015,0,90.4,42.2,40.7,58.8,71.5,49.2,42.4,0,3,1.0,2026-09-15T12:00:00
MATCH0269,CAN178,JOB003,13.0,90.4,28.0,24.5,54.1,41.5,78.1,40.3,0,4,1.0,2026-09-15T12:00:00
MATCH0270,CAN179,JOB016,0,53.5,100,38.4,64.2,57.6,71.1,45.8,0,4,1.0,2026-09-15T12:00:00
MATCH0271,CAN180,JOB015,0,83.8,40.5,37.4,87.3,87.8,79.2,48.2,0,3,1.0,2026-09-15T12:00:00
MATCH0272,CAN180,JOB024,0,83.8,14.8,29.3,79.1,81.2,82.6,41.8,0,4,1.0,2026-09-15T12:00:00
MATCH0273,CAN181,JOB025,0,83.2,100,40.7,97.4,83.0,51.8,57.0,0,3,1.0,2026-09-15T12:00:00
MATCH0274,CAN182,JOB006,0,91.0,100,58.0,61.5,56.8,39.7,51.3,0,4,1.0,2026-09-15T12:00:00
MATCH0275,CAN183,JOB023,4.8,58.9,100,34.5,65.3,74.7,84.1,50.2,1,3,1.0,2026-09-15T12:00:00
MATCH0276,CAN183,JOB014,0,58.9,100,34.0,76.9,87.1,44.0,49.7,0,3,1.0,2026-09-15T12:00:00
MATCH0277,CAN184,JOB030,0,90.0,100,31.9,57.6,56.7,88.4,50.4,0,4,1.0,2026-09-15T12:00:00
MATCH0278,CAN184,JOB016,29.0,90.0,100,35.6,61.9,65.0,85.1,60.8,1,3,1.0,2026-09-15T12:00:00
MATCH0279,CAN185,JOB014,0,37.0,100,34.0,34.2,18.9,84.3,35.2,0,3,1.0,2026-09-15T12:00:00
MATCH0280,CAN185,JOB010,0,37.0,100,36.1,48.9,45.7,86.2,40.4,0,3,1.0,2026-09-15T12:00:00
MATCH0281,CAN186,JOB030,0,69.2,9.0,33.2,91.6,96.5,93.7,43.1,0,4,1.0,2026-09-15T12:00:00
MATCH0282,CAN187,JOB021,0,86.0,100,37.2,81.9,99.5,55.0,56.6,0,3,1.0,2026-09-15T12:00:00
MATCH0283,CAN187,JOB016,0,86.0,100,36.5,86.8,84.2,41.7,55.1,0,4,1.0,2026-09-15T12:00:00
MATCH0284,CAN188,JOB010,0,89.0,100,36.5,46.3,54.6,76.5,48.2,0,3,1.0,2026-09-15T12:00:00
MATCH0285,CAN189,JOB005,0,55.2,100,38.3,56.2,61.2,85.7,45.9,0,3,1.0,2026-09-15T12:00:00
MATCH0286,CAN190,JOB022,12.1,65.2,16.2,40.9,74.9,83.0,80.1,43.5,1,3,1.0,2026-09-15T12:00:00
MATCH0287,CAN190,JOB001,0,65.2,30.3,26.9,79.6,83.7,71.0,40.9,0,3,1.0,2026-09-15T12:00:00
MATCH0288,CAN191,JOB013,0,92.5,100,33.6,51.2,57.5,41.2,47.7,0,3,1.0,2026-09-15T12:00:00
MATCH0289,CAN191,JOB012,10.0,92.5,100,35.2,50.9,56.4,43.5,50.8,0,4,1.0,2026-09-15T12:00:00
MATCH0290,CAN192,JOB009,22.0,93.5,100,47.7,59.0,62.2,51.4,58.0,1,3,1.0,2026-09-15T12:00:00
MATCH0291,CAN192,JOB024,0,93.5,100,30.6,56.7,41.4,89.4,49.2,0,4,1.0,2026-09-15T12:00:00
MATCH0292,CAN193,JOB017,19.0,84.8,100,28.0,55.9,64.3,93.8,55.7,0,3,1.0,2026-09-15T12:00:00
MATCH0293,CAN194,JOB026,23.0,83.8,90.3,30.5,87.3,83.1,37.9,59.4,1,2,1.0,2026-09-15T12:00:00
MATCH0294,CAN194,JOB001,34.0,83.8,89.2,38.8,84.0,87.7,53.9,64.1,0,3,1.0,2026-09-15T12:00:00
MATCH0295,CAN195,JOB028,0,87.6,100,37.7,55.6,48.6,81.4,49.2,0,4,1.0,2026-09-15T12:00:00
MATCH0296,CAN195,JOB019,0,87.6,100,38.8,55.5,42.2,73.2,48.2,0,3,1.0,2026-09-15T12:00:00
MATCH0297,CAN196,JOB003,13.0,84.0,100,48.8,77.5,86.4,83.4,60.8,1,3,1.0,2026-09-15T12:00:00
MATCH0298,CAN197,JOB013,7.0,86.0,100,33.1,80.5,97.4,51.5,57.7,1,2,1.0,2026-09-15T12:00:00
MATCH0299,CAN197,JOB003,0,86.0,100,38.1,84.9,80.2,77.4,56.3,0,4,1.0,2026-09-15T12:00:00
MATCH0300,CAN198,JOB007,0,91.7,100,35.4,61.2,51.2,74.8,50.3,0,3,1.0,2026-09-15T12:00:00
MATCH0301,CAN199,JOB015,0,59.5,100,29.8,66.0,54.7,78.9,46.2,0,3,1.0,2026-09-15T12:00:00
MATCH0302,CAN199,JOB001,0,59.5,100,45.8,59.1,61.1,92.6,48.1,0,3,1.0,2026-09-15T12:00:00
MATCH0303,CAN200,JOB010,0,75.7,100,22.5,51.3,37.5,70.7,43.6,0,3,1.0,2026-09-15T12:00:00
MATCH0304,CAN201,JOB022,18.0,78.7,44.9,48.9,88.0,82.2,82.8,54.4,0,4,1.0,2026-09-15T12:00:00
MATCH0305,CAN202,JOB011,0,88.3,100,52.2,45.5,48.9,68.0,48.6,0,4,1.0,2026-09-15T12:00:00
MATCH0306,CAN202,JOB004,0,88.3,100,35.6,45.1,66.1,82.8,49.3,0,4,1.0,2026-09-15T12:00:00
MATCH0307,CAN203,JOB027,10.0,83.8,73.4,26.0,72.1,65.0,90.9,51.0,0,4,1.0,2026-09-15T12:00:00
MATCH0308,CAN203,JOB002,0,83.8,21.1,29.0,75.2,75.1,72.5,41.0,0,3,1.0,2026-09-15T12:00:00
MATCH0309,CAN204,JOB003,0,67.7,46.3,39.3,91.4,91.4,77.0,47.7,0,4,1.0,2026-09-15T12:00:00
MATCH0310,CAN204,JOB002,15.8,67.7,19.2,29.5,87.8,81.2,87.8,46.4,0,3,1.0,2026-09-15T12:00:00
MATCH0311,CAN205,JOB016,0,94.0,100,20.9,79.8,89.9,91.4,56.7,0,4,1.0,2026-09-15T12:00:00
MATCH0312,CAN206,JOB020,8.0,35.0,100,41.2,38.8,26.1,38.5,37.1,1,3,1.0,2026-09-15T12:00:00
MATCH0313,CAN206,JOB025,20.0,35.0,100,39.6,47.1,30.6,83.0,44.5,0,3,1.0,2026-09-15T12:00:00
MATCH0314,CAN207,JOB008,11.0,80.7,100,40.5,45.2,43.5,81.8,49.7,0,3,1.0,2026-09-15T12:00:00
MATCH0315,CAN207,JOB009,8.0,80.7,100,43.1,49.1,45.6,71.2,49.3,1,3,1.0,2026-09-15T12:00:00
MATCH0316,CAN208,JOB003,0,90.9,100,40.3,89.5,85.4,92.4,59.2,0,4,1.0,2026-09-15T12:00:00
MATCH0317,CAN208,JOB022,31.6,90.9,100,47.9,93.1,83.2,90.6,69.7,3,1,1.0,2026-09-15T12:00:00
MATCH0318,CAN209,JOB023,15.0,79.4,100,35.1,94.1,81.5,80.9,61.2,0,4,1.0,2026-09-15T12:00:00
MATCH0319,CAN209,JOB016,0,79.4,25.4,27.3,75.1,79.5,71.7,41.2,0,4,1.0,2026-09-15T12:00:00
MATCH0320,CAN210,JOB025,0,34.1,43.0,46.9,39.5,27.2,36.0,26.7,0,3,1.0,2026-09-15T12:00:00
MATCH0321,CAN211,JOB007,0,79.3,100,26.7,47.9,39.4,75.5,44.5,0,3,1.0,2026-09-15T12:00:00
MATCH0322,CAN211,JOB017,0,79.3,100,20.6,38.9,49.7,85.1,44.0,0,3,1.0,2026-09-15T12:00:00
MATCH0323,CAN212,JOB014,17.0,86.8,100,37.2,56.9,59.0,38.4,53.2,0,3,1.0,2026-09-15T12:00:00
MATCH0324,CAN213,JOB027,29.7,56.3,100,28.3,65.3,66.8,69.1,55.1,2,2,1.0,2026-09-15T12:00:00
MATCH0325,CAN214,JOB026,0,83.2,100,36.3,42.6,44.2,34.4,43.6,0,3,1.0,2026-09-15T12:00:00
MATCH0326,CAN215,JOB021,0,87.6,100,39.0,59.0,53.9,45.5,48.6,0,3,1.0,2026-09-15T12:00:00
MATCH0327,CAN215,JOB020,8.4,87.6,100,38.8,52.6,63.4,89.1,53.2,1,3,1.0,2026-09-15T12:00:00
MATCH0328,CAN216,JOB002,0,88.0,33.0,30.2,68.1,74.0,83.8,43.0,0,3,1.0,2026-09-15T12:00:00
MATCH0329,CAN217,JOB010,0,96.3,100,34.1,39.4,61.4,89.0,49.4,0,3,1.0,2026-09-15T12:00:00
MATCH0330,CAN218,JOB017,0,51.4,100,43.7,55.4,60.2,87.2,45.8,0,3,1.0,2026-09-15T12:00:00
MATCH0331,CAN219,JOB008,15.3,81.7,66.5,32.6,77.8,80.3,91.1,54.3,1,2,1.0,2026-09-15T12:00:00
MATCH0332,CAN219,JOB006,0,81.7,60.2,38.2,87.9,97.4,32.8,49.7,0,4,1.0,2026-09-15T12:00:00
MATCH0333,CAN220,JOB028,0,41.0,56.1,37.0,25.8,35.2,49.1,28.1,0,4,1.0,2026-09-15T12:00:00
MATCH0334,CAN221,JOB021,0,70.4,12.4,31.6,90.8,94.2,58.8,41.6,0,3,1.0,2026-09-15T12:00:00
MATCH0335,CAN222,JOB022,0,88.2,100,54.8,51.7,48.9,83.0,50.5,0,4,1.0,2026-09-15T12:00:00
MATCH0336,CAN222,JOB028,20.0,88.2,100,34.5,42.5,57.6,81.5,53.9,0,4,1.0,2026-09-15T12:00:00
MATCH0337,CAN223,JOB008,0,31.5,100,29.1,36.9,35.1,76.5,35.5,0,3,1.0,2026-09-15T12:00:00
MATCH0338,CAN224,JOB030,10.9,55.6,15.6,40.1,56.0,41.7,74.6,34.3,0,4,1.0,2026-09-15T12:00:00
MATCH0339,CAN224,JOB012,0,55.6,33.3,37.6,77.3,53.8,90.2,38.6,0,4,1.0,2026-09-15T12:00:00
MATCH0340,CAN225,JOB001,0,81.2,88.1,36.6,89.1,63.0,59.3,51.7,0,3,1.0,2026-09-15T12:00:00
MATCH0341,CAN225,JOB023,0,81.2,100,35.3,85.8,76.8,76.0,55.1,0,4,1.0,2026-09-15T12:00:00
MATCH0342,CAN226,JOB017,0,29.7,100,35.4,29.9,23.2,48.7,32.2,0,3,1.0,2026-09-15T12:00:00
MATCH0343,CAN226,JOB003,0,29.7,100,48.9,29.4,48.2,34.3,35.3,0,4,1.0,2026-09-15T12:00:00
MATCH0344,CAN227,JOB018,22.0,85.3,100,36.1,44.9,50.3,84.5,54.0,0,5,1.0,2026-09-15T12:00:00
MATCH0345,CAN227,JOB028,0,85.3,100,35.5,62.4,64.2,67.5,50.5,0,4,1.0,2026-09-15T12:00:00
MATCH0346,CAN228,JOB027,0,76.6,90.4,44.0,72.0,93.4,86.1,53.9,0,4,1.0,2026-09-15T12:00:00
MATCH0347,CAN229,JOB026,10.7,42.0,100,44.3,41.3,28.0,56.0,40.7,1,2,1.0,2026-09-15T12:00:00
MATCH0348,CAN230,JOB023,12.0,79.8,100,22.5,48.8,50.0,84.8,49.4,0,4,1.0,2026-09-15T12:00:00
MATCH0349,CAN231,JOB006,0,76.2,100,32.0,60.4,42.9,60.0,46.0,0,4,1.0,2026-09-15T12:00:00
MATCH0350,CAN231,JOB021,0,76.2,100,47.4,40.4,56.5,47.1,45.2,0,3,1.0,2026-09-15T12:00:00
MATCH0351,CAN232,JOB026,15.0,77.2,100,33.4,81.0,84.3,42.6,57.1,0,3,1.0,2026-09-15T12:00:00
MATCH0352,CAN233,JOB019,0,35.0,100,35.1,42.2,31.7,94.3,38.0,0,3,1.0,2026-09-15T12:00:00
MATCH0353,CAN234,JOB015,21.0,88.0,17.6,32.8,50.8,40.7,88.3,41.5,1,2,1.0,2026-09-15T12:00:00
MATCH0354,CAN235,JOB013,0,77.2,99.5,40.6,41.8,40.8,53.7,43.6,0,3,1.0,2026-09-15T12:00:00
MATCH0355,CAN235,JOB015,0,77.2,100,40.0,55.6,44.9,73.9,47.1,0,3,1.0,2026-09-15T12:00:00
MATCH0356,CAN236,JOB019,0,48.1,100,33.9,64.2,56.7,49.6,43.4,0,3,1.0,2026-09-15T12:00:00
MATCH0357,CAN237,JOB020,0,88.1,100,44.0,61.0,64.7,74.2,51.9,0,4,1.0,2026-09-15T12:00:00
MATCH0358,CAN237,JOB002,0,88.1,100,31.2,49.6,50.9,87.3,48.2,0,3,1.0,2026-09-15T12:00:00
MATCH0359,CAN238,JOB019,15.0,93.3,100,35.7,91.9,91.4,70.3,63.5,0,3,1.0,2026-09-15T12:00:00
MATCH0360,CAN238,JOB005,9.0,93.3,100,30.5,95.0,90.0,90.4,62.5,1,2,1.0,2026-09-15T12:00:00
MATCH0361,CAN239,JOB020,0,90.2,100,28.5,78.3,96.8,89.7,57.3,0,4,1.0,2026-09-15T12:00:00
MATCH0362,CAN240,JOB009,0,88.2,100,45.8,99.6,71.0,79.8,58.8,0,4,1.0,2026-09-15T12:00:00
MATCH0363,CAN241,JOB011,15.0,77.8,100,29.6,32.8,36.6,86.7,47.0,0,4,1.0,2026-09-15T12:00:00
MATCH0364,CAN242,JOB013,0,94.2,100,20.9,81.7,81.2,80.4,55.6,0,3,1.0,2026-09-15T12:00:00
MATCH0365,CAN242,JOB027,0,94.2,100,63.7,83.4,81.6,97.9,61.1,0,4,1.0,2026-09-15T12:00:00
MATCH0366,CAN243,JOB026,19.0,89.5,100,33.4,71.3,56.7,83.4,58.0,1,2,1.0,2026-09-15T12:00:00
MATCH0367,CAN244,JOB018,9.0,87.5,100,44.1,57.8,56.5,81.0,53.6,0,5,1.0,2026-09-15T12:00:00
MATCH0368,CAN244,JOB013,0,87.5,100,33.4,61.4,52.9,79.0,49.9,0,3,1.0,2026-09-15T12:00:00
MATCH0369,CAN245,JOB026,0,57.7,100,31.7,54.2,56.0,77.3,44.4,0,3,1.0,2026-09-15T12:00:00
MATCH0370,CAN245,JOB006,8.2,57.7,100,47.6,51.1,55.1,85.6,48.3,0,4,1.0,2026-09-15T12:00:00
MATCH0371,CAN246,JOB018,0,90.2,34.4,72.2,66.0,70.6,88.2,47.3,0,5,1.0,2026-09-15T12:00:00
MATCH0372,CAN246,JOB015,0,90.2,50.4,42.3,96.2,68.8,74.4,50.4,0,3,1.0,2026-09-15T12:00:00
MATCH0373,CAN247,JOB003,0,89.4,73.3,58.1,54.3,53.8,76.1,47.5,0,4,1.0,2026-09-15T12:00:00
MATCH0374,CAN248,JOB022,0,91.2,41.2,50.0,46.1,61.6,77.4,41.8,0,4,1.0,2026-09-15T12:00:00
MATCH0375,CAN248,JOB006,0,91.2,35.5,30.2,45.5,54.5,54.5,37.0,0,4,1.0,2026-09-15T12:00:00
MATCH0376,CAN249,JOB009,0,83.0,100,47.9,77.7,84.7,41.2,54.4,0,4,1.0,2026-09-15T12:00:00
MATCH0377,CAN249,JOB010,0,83.0,100,37.3,91.6,83.4,92.1,57.9,0,3,1.0,2026-09-15T12:00:00
MATCH0378,CAN250,JOB021,0,87.3,100,41.2,82.6,96.7,88.8,58.7,0,3,1.0,2026-09-15T12:00:00
MATCH0379,CAN250,JOB017,0,87.3,99.4,35.9,95.2,86.0,86.4,58.8,0,3,1.0,2026-09-15T12:00:00
MATCH0380,CAN251,JOB008,3.3,28.9,100,54.6,45.5,45.6,94.6,41.9,1,2,1.0,2026-09-15T12:00:00
MATCH0381,CAN252,JOB009,0,69.6,47.8,54.6,89.6,93.9,30.0,47.4,0,4,1.0,2026-09-15T12:00:00
MATCH0382,CAN252,JOB010,0,69.6,50.2,24.8,83.3,88.4,81.6,45.9,0,3,1.0,2026-09-15T12:00:00
MATCH0383,CAN253,JOB010,0,70.5,31.7,38.1,70.4,77.1,85.9,41.7,0,3,1.0,2026-09-15T12:00:00
MATCH0384,CAN253,JOB017,0,70.5,6.8,41.1,83.6,83.8,90.9,41.2,0,3,1.0,2026-09-15T12:00:00
MATCH0385,CAN254,JOB026,0,88.8,100,36.3,72.0,54.3,30.2,49.7,0,3,1.0,2026-09-15T12:00:00
MATCH0386,CAN254,JOB027,0,88.8,100,37.7,60.1,60.3,76.7,51.0,0,4,1.0,2026-09-15T12:00:00
MATCH0387,CAN255,JOB016,0,53.4,100,37.6,70.3,76.7,79.7,49.0,0,4,1.0,2026-09-15T12:00:00
MATCH0388,CAN256,JOB029,0,84.8,100,27.8,51.8,47.1,77.7,46.9,0,3,1.0,2026-09-15T12:00:00
MATCH0389,CAN256,JOB010,0,84.8,100,42.9,46.6,54.9,71.7,48.1,0,3,1.0,2026-09-15T12:00:00
MATCH0390,CAN257,JOB006,0,86.0,100,47.4,50.3,46.9,44.4,47.1,0,4,1.0,2026-09-15T12:00:00
MATCH0391,CAN257,JOB013,0,86.0,100,39.0,65.9,55.5,45.8,49.5,0,3,1.0,2026-09-15T12:00:00
MATCH0392,CAN258,JOB030,0,59.2,100,31.1,60.4,59.9,71.2,45.6,0,4,1.0,2026-09-15T12:00:00
MATCH0393,CAN258,JOB023,0,59.2,100,30.7,60.1,62.3,82.9,46.3,0,4,1.0,2026-09-15T12:00:00
MATCH0394,CAN259,JOB004,0,88.8,98.4,48.2,46.7,60.1,77.0,49.8,0,4,1.0,2026-09-15T12:00:00
MATCH0395,CAN260,JOB016,0,63.8,70.0,36.6,66.8,74.2,92.6,45.8,0,4,1.0,2026-09-15T12:00:00
MATCH0396,CAN261,JOB028,0,64.7,100,37.9,88.7,89.4,70.4,54.3,0,4,1.0,2026-09-15T12:00:00
MATCH0397,CAN261,JOB027,0,64.7,88.2,26.9,79.1,87.4,87.0,50.6,0,4,1.0,2026-09-15T12:00:00
MATCH0398,CAN262,JOB021,21.0,91.2,27.1,31.0,57.9,55.2,80.2,45.4,1,2,1.0,2026-09-15T12:00:00
MATCH0399,CAN263,JOB013,21.0,93.8,100,31.0,49.5,47.1,93.1,55.3,0,3,1.0,2026-09-15T12:00:00
MATCH0400,CAN264,JOB006,0,77.6,67.6,68.1,72.7,83.7,31.0,49.4,0,4,1.0,2026-09-15T12:00:00
MATCH0401,CAN264,JOB021,0,77.6,48.8,31.9,82.0,74.9,47.7,44.3,0,3,1.0,2026-09-15T12:00:00
MATCH0402,CAN265,JOB003,0,57.7,100,36.7,58.2,60.3,73.5,45.8,0,4,1.0,2026-09-15T12:00:00
MATCH0403,CAN266,JOB020,13.0,81.9,38.0,35.8,72.8,66.0,91.1,47.5,1,3,1.0,2026-09-15T12:00:00
MATCH0404,CAN267,JOB001,0,74.0,100,30.0,29.6,36.0,39.6,39.1,0,3,1.0,2026-09-15T12:00:00
MATCH0405,CAN267,JOB024,0,74.0,100,28.0,44.2,48.5,81.3,44.4,0,4,1.0,2026-09-15T12:00:00
MATCH0406,CAN268,JOB011,0,67.8,70.0,46.6,99.4,74.7,77.7,51.6,0,4,1.0,2026-09-15T12:00:00
MATCH0407,CAN269,JOB003,0,50.9,100,41.4,60.9,77.8,74.4,47.4,0,4,1.0,2026-09-15T12:00:00
MATCH0408,CAN269,JOB007,0,50.9,100,36.6,75.3,73.1,30.5,46.4,0,3,1.0,2026-09-15T12:00:00
MATCH0409,CAN270,JOB026,0,77.6,44.5,43.0,65.4,70.3,48.3,41.9,0,3,1.0,2026-09-15T12:00:00
MATCH0410,CAN271,JOB009,10.0,85.0,100,39.6,83.8,84.2,74.4,59.4,0,4,1.0,2026-09-15T12:00:00
MATCH0411,CAN272,JOB021,0,52.9,100,25.8,83.4,65.1,30.5,46.1,0,3,1.0,2026-09-15T12:00:00
MATCH0412,CAN273,JOB022,0,55.2,100,34.0,52.6,77.7,76.4,46.2,0,4,1.0,2026-09-15T12:00:00
MATCH0413,CAN274,JOB028,0,48.1,100,32.0,60.8,80.2,80.3,46.6,0,4,1.0,2026-09-15T12:00:00
MATCH0414,CAN274,JOB016,0,48.1,96.3,30.4,72.8,63.1,85.6,46.2,0,4,1.0,2026-09-15T12:00:00
MATCH0415,CAN275,JOB003,0,71.6,40.6,47.6,76.6,81.1,70.6,44.7,0,4,1.0,2026-09-15T12:00:00
MATCH0416,CAN276,JOB018,0,32.5,100,57.9,30.4,49.1,41.2,37.2,0,5,1.0,2026-09-15T12:00:00
MATCH0417,CAN277,JOB018,0,27.6,100,46.8,32.4,38.1,54.0,35.2,0,5,1.0,2026-09-15T12:00:00
MATCH0418,CAN277,JOB029,0,27.6,100,24.6,34.5,35.3,83.8,34.5,0,3,1.0,2026-09-15T12:00:00
MATCH0419,CAN278,JOB020,7.6,39.0,100,30.0,43.8,28.0,38.6,37.4,1,3,1.0,2026-09-15T12:00:00
MATCH0420,CAN279,JOB030,0,59.2,34.2,32.8,54.6,60.5,80.9,35.6,0,4,1.0,2026-09-15T12:00:00
MATCH0421,CAN280,JOB021,16.3,56.8,100,36.8,69.0,68.6,35.3,51.1,1,2,1.0,2026-09-15T12:00:00
MATCH0422,CAN280,JOB026,11.0,56.8,100,46.3,68.4,54.3,46.7,49.5,0,3,1.0,2026-09-15T12:00:00
MATCH0423,CAN281,JOB006,0,85.3,26.3,30.3,82.5,70.9,56.3,42.0,0,4,1.0,2026-09-15T12:00:00
MATCH0424,CAN282,JOB002,16.5,65.9,100,28.2,76.6,75.4,85.8,56.0,0,3,1.0,2026-09-15T12:00:00
MATCH0425,CAN283,JOB025,0,80.5,100,41.2,43.6,57.3,59.1,46.4,0,3,1.0,2026-09-15T12:00:00
MATCH0426,CAN283,JOB017,0,80.5,100,37.4,46.2,41.7,37.7,43.8,0,3,1.0,2026-09-15T12:00:00
MATCH0427,CAN284,JOB012,0,75.5,64.8,34.1,91.0,90.9,82.8,51.3,0,4,1.0,2026-09-15T12:00:00
MATCH0428,CAN284,JOB014,0,75.5,71.0,36.2,90.2,96.6,41.8,50.9,0,3,1.0,2026-09-15T12:00:00
MATCH0429,CAN285,JOB019,0,62.4,100,40.4,86.4,91.4,85.3,54.8,0,3,1.0,2026-09-15T12:00:00
MATCH0430,CAN285,JOB023,0,62.4,100,31.9,86.4,75.6,93.1,52.7,0,4,1.0,2026-09-15T12:00:00
MATCH0431,CAN286,JOB029,0,90.7,100,41.4,63.1,49.6,35.9,49.0,0,3,1.0,2026-09-15T12:00:00
MATCH0432,CAN287,JOB006,0,89.6,100,45.9,100,100,50.1,60.5,0,4,1.0,2026-09-15T12:00:00
MATCH0433,CAN288,JOB012,0,84.2,100,35.3,84.8,81.3,78.5,55.9,0,4,1.0,2026-09-15T12:00:00
MATCH0434,CAN288,JOB002,0,84.2,100,39.6,81.2,82.8,93.9,56.7,0,3,1.0,2026-09-15T12:00:00
MATCH0435,CAN289,JOB026,0,57.8,100,36.0,60.7,69.7,93.0,48.0,0,3,1.0,2026-09-15T12:00:00
MATCH0436,CAN289,JOB006,7.5,57.8,100,32.3,62.0,74.3,91.0,50.4,0,4,1.0,2026-09-15T12:00:00
MATCH0437,CAN290,JOB018,0,41.7,100,52.8,61.1,60.3,61.8,44.8,0,5,1.0,2026-09-15T12:00:00
MATCH0438,CAN290,JOB016,5.3,41.7,100,38.2,51.2,57.8,48.2,42.5,1,3,1.0,2026-09-15T12:00:00
MATCH0439,CAN291,JOB020,0,90.1,100,30.0,98.5,85.0,89.9,59.3,0,4,1.0,2026-09-15T12:00:00
MATCH0440,CAN292,JOB029,0,85.9,100,36.2,92.2,91.9,74.5,58.3,0,3,1.0,2026-09-15T12:00:00
MATCH0441,CAN292,JOB006,0,85.9,100,47.8,84.3,85.5,92.2,58.5,0,4,1.0,2026-09-15T12:00:00
MATCH0442,CAN293,JOB003,14.2,30.0,68.7,33.8,40.9,33.5,45.5,34.2,0,4,1.0,2026-09-15T12:00:00
MATCH0443,CAN294,JOB015,0,79.6,100,39.7,40.6,52.1,92.3,46.8,0,3,1.0,2026-09-15T12:00:00
MATCH0444,CAN295,JOB016,0,89.2,14.2,38.6,69.0,64.0,48.5,38.5,0,4,1.0,2026-09-15T12:00:00
MATCH0445,CAN295,JOB030,0,89.2,19.8,36.2,63.6,42.4,31.9,35.3,0,4,1.0,2026-09-15T12:00:00
MATCH0446,CAN296,JOB028,0,89.8,100,30.6,96.4,89.9,93.3,59.6,0,4,1.0,2026-09-15T12:00:00
MATCH0447,CAN296,JOB014,0,89.8,100,31.3,82.6,79.9,80.1,56.0,0,3,1.0,2026-09-15T12:00:00
MATCH0448,CAN297,JOB001,0,82.8,100,32.7,83.3,95.4,87.6,57.1,0,3,1.0,2026-09-15T12:00:00
MATCH0449,CAN298,JOB020,9.6,75.5,100,44.3,42.2,47.8,92.1,49.3,0,4,1.0,2026-09-15T12:00:00
MATCH0450,CAN298,JOB018,0,75.5,100,42.7,53.9,29.6,78.2,45.5,0,5,1.0,2026-09-15T12:00:00
MATCH0451,CAN299,JOB002,0,74.8,28.9,38.9,82.6,88.7,52.9,43.4,0,3,1.0,2026-09-15T12:00:00
MATCH0452,CAN300,JOB021,6.3,34.1,100,39.0,21.6,39.7,46.1,35.4,1,2,1.0,2026-09-15T12:00:00
MATCH0453,CAN300,JOB016,0,34.1,100,24.0,43.3,52.0,56.4,37.0,0,4,1.0,2026-09-15T12:00:00
