employee_id,employee_code,first_name,last_name,email,phone,gender,date_of_birth,date_of_joining,employment_status,employment_type,department_id,role_id,manager_id,location,work_mode,current_salary,experience_before_joining_years,education_level,education_field,university,current_level,created_at,updated_at
EMP001,E001,Amit,Luthra,amit.luthra1@company.com,+91-7307038657,Male,1996-02-22,2023-09-03,active,full_time,DEP001,ROLE001,EMP034,Hyderabad,hybrid,1242000,3,Bachelor's,Computer Science,NSIT Delhi,L2,2023-09-03T09:00:00,2026-06-30T09:00:00
EMP002,E002,Jatin,Rawat,jatin.rawat2@company.com,+91-7705554118,Male,1998-10-09,2025-03-23,active,full_time,DEP001,ROLE001,EMP035,Mumbai,onsite,1157000,3,Master's,Electronics,IIT Kanpur,L3,2025-03-23T09:00:00,2026-06-30T09:00:00
EMP003,E003,Simran,Ghosh,simran.ghosh3@company.com,+91-9308719116,Female,1994-09-04,2022-02-18,active,full_time,DEP001,ROLE001,EMP033,Bangalore,remote,1670000,7,Master's,Information Technology,IIT Madras,L3,2022-02-18T09:00:00,2026-06-30T09:00:00
EMP004,E004,Rajesh,Thakur,rajesh.thakur4@company.com,+91-8750242087,Male,1999-06-07,2023-05-23,active,full_time,DEP001,ROLE001,EMP034,Delhi NCR,hybrid,1480000,3,Bachelor's,Electronics,NIT Surathkal,L2,2023-05-23T09:00:00,2026-06-30T09:00:00
EMP005,E005,Mayank,Chopra,mayank.chopra5@company.com,+91-9147775435,Male,2001-06-13,2024-02-07,active,full_time,DEP001,ROLE001,EMP032,Kolkata,hybrid,1719000,3,Bachelor's,Software Engineering,NIT Surathkal,L3,2024-02-07T09:00:00,2026-06-30T09:00:00
EMP006,E006,Ashok,Luthra,ashok.luthra6@company.com,+91-9476516175,Male,1993-07-19,2022-06-08,active,full_time,DEP001,ROLE001,EMP034,Mumbai,remote,1334000,7,Bachelor's,Software Engineering,Amity University,L3,2022-06-08T09:00:00,2026-06-30T09:00:00
EMP007,E007,Payal,Kumar,payal.kumar7@company.com,+91-7365548469,Female,1996-09-28,2025-11-24,active,full_time,DEP001,ROLE001,EMP033,Kolkata,remote,1515000,6,Bachelor's,Electronics,IIT Delhi,L3,2025-11-24T09:00:00,2026-06-30T09:00:00
EMP008,E008,Jyoti,Khanna,jyoti.khanna8@company.com,+91-8962652487,Female,1995-11-17,2021-04-05,active,full_time,DEP001,ROLE001,EMP035,Ahmedabad,onsite,1600000,7,Master's,Computer Science,Anna University,L2,2021-04-05T09:00:00,2026-06-30T09:00:00
EMP009,E009,Geeta,Singh,geeta.singh9@company.com,+91-7868579163,Female,1997-08-27,2025-09-25,active,full_time,DEP001,ROLE001,EMP032,Noida,hybrid,935000,2,Bachelor's,Software Engineering,NSIT Delhi,L3,2025-09-25T09:00:00,2026-06-30T09:00:00
EMP010,E010,Jatin,Menon,jatin.menon10@company.com,+91-7023519305,Male,1995-08-04,2024-04-03,active,full_time,DEP001,ROLE001,EMP034,Kochi,onsite,822000,5,Master's,Software Engineering,IIT Madras,L2,2024-04-03T09:00:00,2026-06-30T09:00:00
EMP011,E011,Varun,Kumar,varun.kumar11@company.com,+91-9646063354,Male,1994-04-18,2024-12-19,active,full_time,DEP001,ROLE001,EMP035,Hyderabad,onsite,1296000,7,Bachelor's,Computer Science,Amity University,L2,2024-12-19T09:00:00,2026-06-30T09:00:00
EMP012,E012,Simran,Jain,simran.jain12@company.com,+91-7627834931,Female,1992-11-04,2025-07-24,active,full_time,DEP001,ROLE001,EMP033,Jaipur,hybrid,1639000,7,Master's,Software Engineering,VIT Vellore,L2,2025-07-24T09:00:00,2026-06-30T09:00:00
EMP013,E013,Manoj,Chauhan,manoj.chauhan13@company.com,+91-8577338016,Male,1995-02-02,2021-01-03,active,full_time,DEP001,ROLE001,EMP033,Kolkata,onsite,974000,5,Bachelor's,Software Engineering,Jadavpur University,L3,2021-01-03T09:00:00,2026-06-30T09:00:00
EMP014,E014,Tushar,Desai,tushar.desai14@company.com,+91-9450951104,Male,1997-12-24,2022-03-07,active,full_time,DEP001,ROLE001,EMP032,Bangalore,onsite,1028000,4,Master's,Electronics,ISI Kolkata,L2,2022-03-07T09:00:00,2026-06-30T09:00:00
EMP015,E015,Arjun,Das,arjun.das15@company.com,+91-8373796163,Male,1998-02-22,2025-07-04,active,full_time,DEP001,ROLE001,EMP032,Noida,hybrid,1058000,2,Bachelor's,Information Technology,NIT Surathkal,L2,2025-07-04T09:00:00,2026-06-30T09:00:00
EMP016,E016,Dev,Dhawan,dev.dhawan16@company.com,+91-7240080468,Male,1998-11-21,2023-08-11,active,full_time,DEP001,ROLE002,EMP034,Hyderabad,hybrid,810000,5,Bachelor's,Information Technology,IIT Kharagpur,L3,2023-08-11T09:00:00,2026-06-30T09:00:00
EMP017,E017,Shruti,Bhat,shruti.bhat17@company.com,+91-9877427601,Female,1995-12-10,2021-11-17,active,full_time,DEP001,ROLE002,EMP035,Pune,onsite,1500000,5,Bachelor's,Computer Science,Symbiosis Pune,L3,2021-11-17T09:00:00,2026-06-30T09:00:00
EMP018,E018,Manoj,Pillai,manoj.pillai18@company.com,+91-9078465518,Male,1996-11-28,2024-09-16,active,full_time,DEP001,ROLE002,EMP035,Pune,onsite,1749000,3,Master's,Computer Science,Mumbai University,L2,2024-09-16T09:00:00,2026-06-30T09:00:00
EMP019,E019,Abhinav,Desai,abhinav.desai19@company.com,+91-9734858393,Male,1993-07-18,2025-02-03,active,full_time,DEP001,ROLE002,EMP033,Noida,hybrid,1748000,6,Bachelor's,Software Engineering,VIT Vellore,L2,2025-02-03T09:00:00,2026-06-30T09:00:00
EMP020,E020,Vikram,Menon,vikram.menon20@company.com,+91-7775731299,Male,1999-11-08,2025-06-25,active,full_time,DEP001,ROLE002,EMP033,Delhi NCR,hybrid,1727000,4,Bachelor's,Computer Science,BITS Pilani,L3,2025-06-25T09:00:00,2026-06-30T09:00:00
EMP021,E021,Komal,Rathore,komal.rathore21@company.com,+91-8145750001,Female,1999-12-04,2022-01-28,active,full_time,DEP001,ROLE002,EMP034,Hyderabad,remote,1033000,4,Master's,Computer Science,Amity University,L2,2022-01-28T09:00:00,2026-06-30T09:00:00
EMP022,E022,Kunal,Malhotra,kunal.malhotra22@company.com,+91-9873844237,Male,1998-11-17,2022-11-27,active,full_time,DEP001,ROLE002,EMP034,Delhi NCR,hybrid,1147000,4,Bachelor's,Information Technology,IIT Bombay,L2,2022-11-27T09:00:00,2026-06-30T09:00:00
EMP023,E023,Yash,Jain,yash.jain23@company.com,+91-8703680575,Male,1995-09-04,2022-10-07,active,full_time,DEP001,ROLE002,EMP033,Gurgaon,remote,847000,5,Master's,Information Technology,VIT Vellore,L3,2022-10-07T09:00:00,2026-06-30T09:00:00
EMP024,E024,Dev,Malhotra,dev.malhotra24@company.com,+91-7628665108,Male,1995-09-10,2020-07-11,active,full_time,DEP001,ROLE002,EMP033,Gurgaon,hybrid,1531000,7,Master's,Software Engineering,PEC Chandigarh,L3,2020-07-11T09:00:00,2026-06-30T09:00:00
EMP025,E025,Rashmi,Bose,rashmi.bose25@company.com,+91-9600932241,Female,1999-07-26,2023-08-15,active,full_time,DEP001,ROLE002,EMP035,Gurgaon,onsite,1508000,4,Master's,Information Technology,ISI Kolkata,L2,2023-08-15T09:00:00,2026-06-30T09:00:00
EMP026,E026,Kavita,Khanna,kavita.khanna26@company.com,+91-8358092544,Female,2000-03-01,2025-04-16,active,full_time,DEP001,ROLE003,EMP035,Noida,remote,1691000,3,Bachelor's,Electronics,IIIT Hyderabad,L2,2025-04-16T09:00:00,2026-06-30T09:00:00
EMP027,E027,Geeta,Joshi,geeta.joshi27@company.com,+91-7436970901,Female,1999-04-06,2024-01-18,active,full_time,DEP001,ROLE003,EMP035,Gurgaon,hybrid,1762000,2,Bachelor's,Information Technology,IIIT Bangalore,L2,2024-01-18T09:00:00,2026-06-30T09:00:00
EMP028,E028,Tanya,Sethi,tanya.sethi28@company.com,+91-9053741358,Female,1995-03-24,2022-08-09,active,full_time,DEP001,ROLE003,EMP034,Pune,hybrid,1681000,6,Bachelor's,Computer Science,Christ University,L3,2022-08-09T09:00:00,2026-06-30T09:00:00
EMP029,E029,Geeta,Kulkarni,geeta.kulkarni29@company.com,+91-8335653369,Female,2001-03-08,2024-12-05,active,full_time,DEP001,ROLE003,EMP035,Jaipur,hybrid,1024000,2,Bachelor's,Electronics,IIT Bombay,L2,2024-12-05T09:00:00,2026-06-30T09:00:00
EMP030,E030,Pranav,Thakur,pranav.thakur30@company.com,+91-8599838760,Male,1995-08-01,2023-05-25,active,full_time,DEP001,ROLE003,EMP032,Pune,hybrid,1695000,6,Master's,Electronics,IIT Delhi,L3,2023-05-25T09:00:00,2026-06-30T09:00:00
EMP031,E031,Ishita,Rathore,ishita.rathore31@company.com,+91-9106166179,Female,1996-08-05,2021-09-01,active,full_time,DEP001,ROLE003,EMP032,Delhi NCR,hybrid,1421000,7,Master's,Software Engineering,IIT Bombay,L2,2021-09-01T09:00:00,2026-06-30T09:00:00
EMP032,E032,Aditi,Chopra,aditi.chopra32@company.com,+91-8146739389,Female,1991-05-25,2022-05-27,active,full_time,DEP001,ROLE004,EMP033,Gurgaon,onsite,2486000,10,Master's,Computer Science,IIIT Bangalore,L4,2022-05-27T09:00:00,2026-06-30T09:00:00
EMP033,E033,Ashok,Agarwal,ashok.agarwal33@company.com,+91-7549889415,Male,1995-08-22,2025-10-07,active,full_time,DEP001,ROLE004,EMP032,Noida,onsite,2967000,8,Master's,Software Engineering,Delhi University,L5,2025-10-07T09:00:00,2026-06-30T09:00:00
EMP034,E034,Tarun,Verma,tarun.verma34@company.com,+91-9609084177,Male,1988-04-03,2021-12-27,active,full_time,DEP001,ROLE004,EMP032,Bangalore,hybrid,1714000,11,PhD,Electronics,Amity University,L4,2021-12-27T09:00:00,2026-06-30T09:00:00
EMP035,E035,Shruti,Das,shruti.das35@company.com,+91-7577178386,Female,1990-02-14,2023-11-27,active,full_time,DEP001,ROLE004,EMP032,Gurgaon,hybrid,2983000,11,Master's,Electronics,Manipal University,L5,2023-11-27T09:00:00,2026-06-30T09:00:00
EMP036,E036,Garima,Chatterjee,garima.chatterjee36@company.com,+91-8619752600,Female,2000-08-08,2024-10-20,active,full_time,DEP001,ROLE005,EMP035,Delhi NCR,hybrid,1197000,2,Bachelor's,Software Engineering,Anna University,L3,2024-10-20T09:00:00,2026-06-30T09:00:00
EMP037,E037,Ishita,Kulkarni,ishita.kulkarni37@company.com,+91-9116474332,Female,1998-09-07,2025-04-24,active,full_time,DEP001,ROLE005,EMP035,Ahmedabad,onsite,1312000,6,Master's,Computer Science,Delhi University,L2,2025-04-24T09:00:00,2026-06-30T09:00:00
EMP038,E038,Kunal,Arora,kunal.arora38@company.com,+91-8004742951,Male,1995-09-12,2022-12-18,active,full_time,DEP001,ROLE005,EMP033,Hyderabad,onsite,1169000,5,Master's,Software Engineering,Mumbai University,L3,2022-12-18T09:00:00,2026-06-30T09:00:00
EMP039,E039,Sameer,Sen,sameer.sen39@company.com,+91-9728335443,Male,2000-12-16,2024-12-19,active,full_time,DEP001,ROLE005,EMP033,Pune,remote,1426000,3,Bachelor's,Information Technology,BITS Pilani,L3,2024-12-19T09:00:00,2026-06-30T09:00:00
EMP040,E040,Priya,Dhawan,priya.dhawan40@company.com,+91-8538172746,Female,2002-09-10,2025-11-28,active,full_time,DEP001,ROLE005,EMP034,Ahmedabad,hybrid,908000,2,Master's,Software Engineering,IIT Bombay,L2,2025-11-28T09:00:00,2026-06-30T09:00:00
EMP041,E041,Megha,Nair,megha.nair41@company.com,+91-7813225525,Female,1999-10-21,2025-03-05,active,full_time,DEP001,ROLE005,EMP032,Jaipur,hybrid,1795000,5,Bachelor's,Software Engineering,IIIT Bangalore,L3,2025-03-05T09:00:00,2026-06-30T09:00:00
EMP042,E042,Deepika,Bansal,deepika.bansal42@company.com,+91-7785932782,Female,1996-10-02,2025-04-21,active,full_time,DEP002,ROLE006,EMP047,Jaipur,onsite,1078000,4,Bachelor's,Human Resource Management,IIT Delhi,L2,2025-04-21T09:00:00,2026-06-30T09:00:00
EMP043,E043,Deepika,Arora,deepika.arora43@company.com,+91-9581591927,Female,2001-05-23,2024-12-28,active,full_time,DEP002,ROLE006,EMP048,Noida,remote,875000,2,Master's,Business Administration,IIT Kanpur,L2,2024-12-28T09:00:00,2026-06-30T09:00:00
EMP044,E044,Rishabh,Joshi,rishabh.joshi44@company.com,+91-7407471433,Male,2002-03-26,2024-10-24,active,full_time,DEP002,ROLE006,EMP048,Kochi,hybrid,1766000,2,Bachelor's,Psychology,Jadavpur University,L3,2024-10-24T09:00:00,2026-06-30T09:00:00
EMP045,E045,Jyoti,Sen,jyoti.sen45@company.com,+91-9505998117,Female,1998-07-24,2023-10-09,active,full_time,DEP002,ROLE006,EMP048,Pune,hybrid,896000,6,Bachelor's,Human Resource Management,IIIT Bangalore,L2,2023-10-09T09:00:00,2026-06-30T09:00:00
EMP046,E046,Ankit,Roy,ankit.roy46@company.com,+91-9195823710,Male,1997-07-21,2024-02-16,active,full_time,DEP002,ROLE006,EMP048,Delhi NCR,hybrid,1228000,3,Master's,Business Administration,Christ University,L3,2024-02-16T09:00:00,2026-06-30T09:00:00
EMP047,E047,Rekha,Rathore,rekha.rathore47@company.com,+91-8354117104,Female,1996-02-11,2023-06-04,active,full_time,DEP002,ROLE007,EMP048,Hyderabad,hybrid,3314000,5,Master's,Business Administration,PEC Chandigarh,L5,2023-06-04T09:00:00,2026-06-30T09:00:00
EMP048,E048,Radhika,Bansal,radhika.bansal48@company.com,+91-8018282199,Female,1991-03-10,2022-12-16,active,full_time,DEP002,ROLE007,EMP047,Bangalore,hybrid,1561000,9,Master's,Business Administration,IIT Madras,L4,2022-12-16T09:00:00,2026-06-30T09:00:00
EMP049,E049,Sanjay,Chauhan,sanjay.chauhan49@company.com,+91-8806328958,Male,1998-05-17,2025-07-27,active,full_time,DEP003,ROLE008,EMP061,Kolkata,remote,648000,1,Master's,Marketing,IIT Madras,L1,2025-07-27T09:00:00,2026-06-30T09:00:00
EMP050,E050,Ritika,Goyal,ritika.goyal50@company.com,+91-8764873483,Female,2003-05-24,2025-10-19,active,full_time,DEP003,ROLE008,EMP059,Chennai,hybrid,657000,1,Bachelor's,Commerce,Manipal University,L1,2025-10-19T09:00:00,2026-06-30T09:00:00
EMP051,E051,Swati,Arora,swati.arora51@company.com,+91-7121326547,Female,2001-01-11,2025-07-13,active,full_time,DEP003,ROLE008,EMP059,Jaipur,hybrid,742000,0,Bachelor's,Economics,IIT Kanpur,L1,2025-07-13T09:00:00,2026-06-30T09:00:00
EMP052,E052,Sunita,Roy,sunita.roy52@company.com,+91-9791053065,Female,2001-07-28,2025-02-16,active,full_time,DEP003,ROLE008,EMP060,Gurgaon,hybrid,578000,2,Master's,Commerce,Mumbai University,L1,2025-02-16T09:00:00,2026-06-30T09:00:00
EMP053,E053,Chitra,Gupta,chitra.gupta53@company.com,+91-7545149251,Female,1997-05-08,2025-07-04,active,full_time,DEP003,ROLE008,EMP059,Bangalore,onsite,769000,2,Bachelor's,Economics,IIT Bombay,L1,2025-07-04T09:00:00,2026-06-30T09:00:00
EMP054,E054,Simran,Srivastava,simran.srivastava54@company.com,+91-8630786435,Female,1999-10-22,2025-03-06,active,full_time,DEP003,ROLE008,EMP060,Delhi NCR,remote,720000,2,Bachelor's,Commerce,SRM University,L1,2025-03-06T09:00:00,2026-06-30T09:00:00
EMP055,E055,Harini,Desai,harini.desai55@company.com,+91-8496949599,Female,1998-09-06,2025-08-12,active,full_time,DEP003,ROLE008,EMP061,Hyderabad,hybrid,557000,1,Bachelor's,Commerce,IIT Kanpur,L1,2025-08-12T09:00:00,2026-06-30T09:00:00
EMP056,E056,Tushar,Mukherjee,tushar.mukherjee56@company.com,+91-9729047512,Male,2000-01-27,2024-05-01,active,full_time,DEP003,ROLE008,EMP060,Hyderabad,hybrid,760000,2,Bachelor's,Economics,NIT Warangal,L1,2024-05-01T09:00:00,2026-06-30T09:00:00
EMP057,E057,Shubham,Desai,shubham.desai57@company.com,+91-7295348680,Male,2002-11-21,2025-05-26,active,full_time,DEP003,ROLE008,EMP060,Chennai,hybrid,417000,2,Master's,Marketing,NIT Trichy,L1,2025-05-26T09:00:00,2026-06-30T09:00:00
EMP058,E058,Vivek,Srivastava,vivek.srivastava58@company.com,+91-9471239571,Male,2002-08-26,2025-06-26,active,full_time,DEP003,ROLE008,EMP060,Gurgaon,hybrid,646000,0,Bachelor's,Economics,IIT Madras,L1,2025-06-26T09:00:00,2026-06-30T09:00:00
EMP059,E059,Priya,Desai,priya.desai59@company.com,+91-7082091205,Female,1989-12-22,2023-10-13,active,full_time,DEP003,ROLE009,EMP060,Jaipur,hybrid,1727000,10,Bachelor's,Marketing,SRM University,L5,2023-10-13T09:00:00,2026-06-30T09:00:00
EMP060,E060,Abhinav,Chauhan,abhinav.chauhan60@company.com,+91-9907380457,Male,1986-02-05,2025-01-10,active,full_time,DEP003,ROLE009,EMP059,Delhi NCR,hybrid,1744000,15,Master's,Commerce,Anna University,L4,2025-01-10T09:00:00,2026-06-30T09:00:00
EMP061,E061,Mansi,Luthra,mansi.luthra61@company.com,+91-7773657537,Female,1989-08-20,2022-05-02,active,full_time,DEP003,ROLE009,EMP059,Mumbai,hybrid,1956000,15,Bachelor's,Economics,IIT Bombay,L5,2022-05-02T09:00:00,2026-06-30T09:00:00
EMP062,E062,Aarti,Agarwal,aarti.agarwal62@company.com,+91-7224882641,Female,1997-04-21,2025-01-26,active,full_time,DEP004,ROLE010,,Hyderabad,hybrid,1055000,2,Master's,Marketing,NIT Warangal,L2,2025-01-26T09:00:00,2026-06-30T09:00:00
EMP063,E063,Ritika,Joshi,ritika.joshi63@company.com,+91-7048656955,Female,1999-03-18,2023-03-04,active,full_time,DEP004,ROLE010,,Hyderabad,hybrid,1709000,4,Bachelor's,Mass Communication,IIT Delhi,L2,2023-03-04T09:00:00,2026-06-30T09:00:00
EMP064,E064,Ravi,Singh,ravi.singh64@company.com,+91-8650939038,Male,1998-12-03,2022-08-25,active,full_time,DEP004,ROLE010,,Noida,onsite,1338000,6,Master's,Business Administration,Amity University,L2,2022-08-25T09:00:00,2026-06-30T09:00:00
EMP065,E065,Harini,Rawat,harini.rawat65@company.com,+91-8993229442,Female,1996-07-22,2025-08-23,active,full_time,DEP004,ROLE010,,Mumbai,remote,877000,5,Master's,Mass Communication,PEC Chandigarh,L2,2025-08-23T09:00:00,2026-06-30T09:00:00
EMP066,E066,Aditi,Ghosh,aditi.ghosh66@company.com,+91-8479639949,Female,1994-07-04,2020-02-28,active,full_time,DEP004,ROLE010,,Kolkata,hybrid,1483000,6,Bachelor's,Mass Communication,Jadavpur University,L2,2020-02-28T09:00:00,2026-06-30T09:00:00
EMP067,E067,Garima,Reddy,garima.reddy67@company.com,+91-8415122656,Female,1995-06-05,2020-08-03,active,full_time,DEP005,ROLE011,,Kochi,hybrid,1672000,7,Bachelor's,Accounting,NSIT Delhi,L2,2020-08-03T09:00:00,2026-06-30T09:00:00
EMP068,E068,Tarun,Bose,tarun.bose68@company.com,+91-7339485748,Male,1997-11-25,2022-12-02,active,full_time,DEP005,ROLE011,,Jaipur,remote,1430000,5,Master's,Accounting,Amity University,L3,2022-12-02T09:00:00,2026-06-30T09:00:00
EMP069,E069,Pallavi,Reddy,pallavi.reddy69@company.com,+91-7094833647,Female,2000-05-19,2024-07-28,active,full_time,DEP005,ROLE011,,Pune,hybrid,1605000,4,Bachelor's,Economics,Anna University,L2,2024-07-28T09:00:00,2026-06-30T09:00:00
EMP070,E070,Vijay,Joshi,vijay.joshi70@company.com,+91-8486554681,Male,2001-12-21,2025-02-24,active,full_time,DEP005,ROLE011,,Delhi NCR,hybrid,1026000,2,Bachelor's,Economics,Symbiosis Pune,L3,2025-02-24T09:00:00,2026-06-30T09:00:00
EMP071,E071,Ritika,Mukherjee,ritika.mukherjee71@company.com,+91-8989267939,Female,2000-10-02,2023-02-09,active,full_time,DEP005,ROLE011,,Kolkata,hybrid,1494000,3,Master's,Accounting,IIIT Bangalore,L3,2023-02-09T09:00:00,2026-06-30T09:00:00
EMP072,E072,Nikhil,Jain,nikhil.jain72@company.com,+91-7692127987,Male,1986-05-02,2024-07-20,active,full_time,DEP006,ROLE012,EMP073,Pune,hybrid,1516000,13,Master's,Business Administration,IIT Kanpur,L5,2024-07-20T09:00:00,2026-06-30T09:00:00
EMP073,E073,Mohit,Luthra,mohit.luthra73@company.com,+91-8429412456,Male,1989-12-08,2021-09-27,active,full_time,DEP006,ROLE012,EMP072,Ahmedabad,onsite,1651000,11,Bachelor's,Business Administration,COEP Pune,L4,2021-09-27T09:00:00,2026-06-30T09:00:00
EMP074,E074,Vidya,Saxena,vidya.saxena74@company.com,+91-8431023875,Female,1995-07-01,2023-03-26,active,full_time,DEP006,ROLE012,EMP072,Hyderabad,hybrid,3245000,9,Master's,Industrial Engineering,Jadavpur University,L4,2023-03-26T09:00:00,2026-06-30T09:00:00
EMP075,E075,Kunal,Menon,kunal.menon75@company.com,+91-7774223474,Male,2002-02-17,2025-09-17,active,full_time,DEP007,ROLE013,,Delhi NCR,hybrid,583000,1,Bachelor's,Business Administration,BITS Pilani,L1,2025-09-17T09:00:00,2026-06-30T09:00:00
EMP076,E076,Alok,Khanna,alok.khanna76@company.com,+91-7494667640,Male,1999-08-25,2024-11-19,active,full_time,DEP007,ROLE013,,Mumbai,hybrid,733000,2,Bachelor's,Communication,SRM University,L1,2024-11-19T09:00:00,2026-06-30T09:00:00
EMP077,E077,Aarti,Chatterjee,aarti.chatterjee77@company.com,+91-8516286064,Female,2002-08-15,2025-01-12,active,full_time,DEP007,ROLE013,,Jaipur,onsite,440000,0,Master's,Communication,COEP Pune,L1,2025-01-12T09:00:00,2026-06-30T09:00:00
EMP078,E078,Karan,Ghosh,karan.ghosh78@company.com,+91-8439878690,Male,2001-02-26,2025-09-21,active,full_time,DEP007,ROLE013,,Jaipur,hybrid,421000,0,Bachelor's,Business Administration,Anna University,L1,2025-09-21T09:00:00,2026-06-30T09:00:00
EMP079,E079,Rekha,Thakur,rekha.thakur79@company.com,+91-7825796057,Female,1998-01-26,2024-02-11,active,full_time,DEP007,ROLE013,,Noida,remote,693000,2,Bachelor's,Communication,IIT Madras,L1,2024-02-11T09:00:00,2026-06-30T09:00:00
EMP080,E080,Nikhil,Menon,nikhil.menon80@company.com,+91-9116897878,Male,2000-12-03,2025-09-13,active,full_time,DEP007,ROLE013,,Kolkata,hybrid,572000,0,Bachelor's,Communication,IIT Delhi,L1,2025-09-13T09:00:00,2026-06-30T09:00:00
EMP081,E081,Sapna,Shah,sapna.shah81@company.com,+91-9871791006,Female,2002-04-05,2025-02-10,active,full_time,DEP007,ROLE013,,Delhi NCR,hybrid,666000,1,Bachelor's,Communication,IIT Kharagpur,L1,2025-02-10T09:00:00,2026-06-30T09:00:00
EMP082,E082,Vijay,Arora,vijay.arora82@company.com,+91-7766779993,Male,1999-01-14,2024-11-24,active,full_time,DEP007,ROLE013,,Hyderabad,hybrid,633000,2,Bachelor's,Communication,NIT Trichy,L1,2024-11-24T09:00:00,2026-06-30T09:00:00
EMP083,E083,Kirti,Mukherjee,kirti.mukherjee83@company.com,+91-7170994040,Female,1992-09-17,2022-03-27,active,full_time,DEP008,ROLE014,,Ahmedabad,hybrid,3180000,9,PhD,Design,IIT Kanpur,L5,2022-03-27T09:00:00,2026-06-30T09:00:00
EMP084,E084,Sachin,Patel,sachin.patel84@company.com,+91-8359516980,Male,1988-03-27,2022-02-08,active,full_time,DEP008,ROLE014,,Kolkata,hybrid,3355000,12,Master's,Computer Science,NIT Warangal,L4,2022-02-08T09:00:00,2026-06-30T09:00:00
EMP085,E085,Kavita,Srivastava,kavita.srivastava85@company.com,+91-9486571487,Female,1993-11-11,2024-03-02,active,full_time,DEP008,ROLE014,,Ahmedabad,hybrid,3424000,6,Bachelor's,Business Administration,IIT Madras,L4,2024-03-02T09:00:00,2026-06-30T09:00:00
EMP086,E086,Ravi,Mishra,ravi.mishra86@company.com,+91-9093791633,Male,1986-07-04,2023-04-10,active,full_time,DEP008,ROLE014,,Ahmedabad,onsite,1600000,14,Master's,Business Administration,IIIT Hyderabad,L5,2023-04-10T09:00:00,2026-06-30T09:00:00
EMP087,E087,Abhinav,Das,abhinav.das87@company.com,+91-7221778951,Male,1997-01-20,2023-04-19,active,full_time,DEP009,ROLE015,,Jaipur,hybrid,996000,4,Master's,Data Science,Jadavpur University,L2,2023-04-19T09:00:00,2026-06-30T09:00:00
EMP088,E088,Neha,Bhatt,neha.bhatt88@company.com,+91-7437115811,Female,1995-01-12,2025-06-08,active,full_time,DEP009,ROLE015,,Chennai,hybrid,1489000,4,Bachelor's,Computer Science,SRM University,L2,2025-06-08T09:00:00,2026-06-30T09:00:00
EMP089,E089,Naveen,Mathur,naveen.mathur89@company.com,+91-9902515492,Male,1996-03-03,2020-08-02,active,full_time,DEP009,ROLE015,,Chennai,hybrid,1011000,7,Master's,Mathematics,NSIT Delhi,L2,2020-08-02T09:00:00,2026-06-30T09:00:00
EMP090,E090,Seema,Gupta,seema.gupta90@company.com,+91-9931560678,Female,1998-01-28,2023-05-04,active,full_time,DEP009,ROLE015,,Chennai,remote,1258000,4,Master's,Mathematics,Christ University,L3,2023-05-04T09:00:00,2026-06-30T09:00:00
EMP091,E091,Kriti,Roy,kriti.roy91@company.com,+91-8074596628,Female,1994-02-14,2021-03-18,active,full_time,DEP009,ROLE015,,Pune,hybrid,1137000,7,Master's,Mathematics,PEC Chandigarh,L2,2021-03-18T09:00:00,2026-06-30T09:00:00
EMP092,E092,Sneha,Arora,sneha.arora92@company.com,+91-8681299051,Female,1997-06-20,2024-05-21,active,full_time,DEP009,ROLE015,,Delhi NCR,onsite,879000,2,Bachelor's,Statistics,PEC Chandigarh,L3,2024-05-21T09:00:00,2026-06-30T09:00:00
EMP093,E093,Neha,Iyer,neha.iyer93@company.com,+91-8880628047,Female,1997-10-02,2024-11-15,active,full_time,DEP010,ROLE016,,Jaipur,hybrid,1190000,4,Master's,Networking,Mumbai University,L3,2024-11-15T09:00:00,2026-06-30T09:00:00
EMP094,E094,Geeta,Nair,geeta.nair94@company.com,+91-9004947431,Female,1995-07-18,2025-05-25,active,full_time,DEP010,ROLE016,,Kochi,hybrid,1538000,5,Master's,Information Technology,IIT Kanpur,L3,2025-05-25T09:00:00,2026-06-30T09:00:00
EMP095,E095,Rohit,Bansal,rohit.bansal95@company.com,+91-9789730644,Male,1997-06-22,2024-12-03,active,full_time,DEP010,ROLE016,,Kochi,remote,1369000,2,Bachelor's,Cybersecurity,ISI Kolkata,L3,2024-12-03T09:00:00,2026-06-30T09:00:00
EMP096,E096,Sanjay,Agarwal,sanjay.agarwal96@company.com,+91-8013462187,Male,1999-06-18,2021-06-15,active,full_time,DEP010,ROLE016,,Kochi,hybrid,936000,5,Bachelor's,Networking,IIIT Bangalore,L2,2021-06-15T09:00:00,2026-06-30T09:00:00
EMP097,E097,Vidya,Kumar,vidya.kumar97@company.com,+91-8417675911,Female,1997-08-15,2020-09-12,active,full_time,DEP010,ROLE017,,Bangalore,onsite,1721000,7,Bachelor's,Information Technology,Delhi University,L2,2020-09-12T09:00:00,2026-06-30T09:00:00
EMP098,E098,Anil,Chopra,anil.chopra98@company.com,+91-9048049691,Male,1996-05-28,2025-05-07,active,full_time,DEP010,ROLE017,,Noida,hybrid,1378000,4,Bachelor's,Computer Science,ISI Kolkata,L3,2025-05-07T09:00:00,2026-06-30T09:00:00
EMP099,E099,Tarun,Chatterjee,tarun.chatterjee99@company.com,+91-9025493753,Male,1998-01-03,2025-11-25,active,full_time,DEP010,ROLE017,,Bangalore,hybrid,1078000,6,Bachelor's,Cybersecurity,SRM University,L2,2025-11-25T09:00:00,2026-06-30T09:00:00
EMP100,E100,Megha,Bhat,megha.bhat100@company.com,+91-8114789516,Female,1997-02-23,2025-03-15,active,full_time,DEP010,ROLE017,,Delhi NCR,hybrid,1308000,4,Master's,Cybersecurity,Symbiosis Pune,L3,2025-03-15T09:00:00,2026-06-30T09:00:00
