employee_skill_id,employee_id,skill_id,proficiency_level,proficiency_score,years_of_experience,last_assessed_date,assessment_method,evidence_source
ES0001,EMP001,SKILL_026,Expert,91,2,2026-06-15,manager_assessment,assessment
ES0002,EMP001,SKILL_127,Advanced,78,3,2026-06-11,project_work,training
ES0003,EMP001,SKILL_119,Advanced,85,2,2026-04-04,project_work,project
ES0004,EMP001,SKILL_001,Intermediate,61,2,2026-04-06,manager_assessment,project
ES0005,EMP001,SKILL_045,Advanced,81,2,2026-06-04,project_work,project
ES0006,EMP001,SKILL_022,Intermediate,62,1,2026-03-27,manager_assessment,certification
ES0007,EMP001,SKILL_025,Intermediate,60,1,2026-03-06,self_assessment,certification
ES0008,EMP001,SKILL_002,Advanced,81,3,2026-04-25,peer_review,certification
ES0009,EMP001,SKILL_063,Intermediate,60,3,2026-05-09,peer_review,assessment
ES0010,EMP001,SKILL_027,Advanced,84,2,2026-01-14,certification,training
ES0011,EMP002,SKILL_003,Basic,42,2,2026-02-14,peer_review,training
ES0012,EMP002,SKILL_007,Intermediate,57,3,2026-02-15,peer_review,project
ES0013,EMP002,SKILL_063,Basic,40,3,2026-04-02,peer_review,assessment
ES0014,EMP002,SKILL_039,Intermediate,60,1,2026-02-17,project_work,work_experience
ES0015,EMP002,SKILL_022,Basic,36,2,2026-03-13,manager_assessment,certification
ES0016,EMP002,SKILL_033,Advanced,77,3,2026-01-28,certification,training
ES0017,EMP002,SKILL_119,Intermediate,58,1,2026-04-28,manager_assessment,project
ES0018,EMP002,SKILL_030,Advanced,85,3,2026-05-20,certification,certification
ES0019,EMP003,SKILL_007,Advanced,76,7,2026-02-15,self_assessment,certification
ES0020,EMP003,SKILL_026,Intermediate,59,4,2026-02-14,peer_review,certification
ES0021,EMP003,SKILL_002,Advanced,75,1,2026-04-15,peer_review,project
ES0022,EMP003,SKILL_119,Advanced,79,2,2026-05-22,peer_review,project
ES0023,EMP003,SKILL_028,Intermediate,57,5,2026-03-19,self_assessment,certification
ES0024,EMP003,SKILL_027,Intermediate,58,5,2026-02-21,manager_assessment,certification
ES0025,EMP003,SKILL_001,Intermediate,55,4,2026-03-24,peer_review,assessment
ES0026,EMP003,SKILL_128,Intermediate,57,3,2026-01-19,project_work,project
ES0027,EMP003,SKILL_125,Advanced,81,3,2026-05-29,manager_assessment,work_experience
ES0028,EMP003,SKILL_127,Advanced,79,7,2026-05-09,project_work,assessment
ES0029,EMP003,SKILL_057,Advanced,80,5,2026-04-19,certification,training
ES0030,EMP003,SKILL_020,Advanced,78,4,2026-02-13,peer_review,training
ES0031,EMP004,SKILL_031,Advanced,75,1,2026-06-14,manager_assessment,training
ES0032,EMP004,SKILL_028,Intermediate,65,3,2026-03-06,peer_review,certification
ES0033,EMP004,SKILL_021,Advanced,81,1,2026-06-06,project_work,assessment
ES0034,EMP004,SKILL_014,Advanced,77,1,2026-02-19,manager_assessment,work_experience
ES0035,EMP004,SKILL_057,Intermediate,58,2,2026-02-05,manager_assessment,assessment
ES0036,EMP004,SKILL_026,Advanced,79,2,2026-04-06,manager_assessment,certification
ES0037,EMP004,SKILL_007,Intermediate,57,1,2026-06-02,self_assessment,certification
ES0038,EMP004,SKILL_142,Intermediate,59,3,2026-05-30,self_assessment,training
ES0039,EMP004,SKILL_025,Advanced,84,3,2026-03-09,manager_assessment,assessment
ES0040,EMP004,SKILL_119,Intermediate,60,3,2026-06-12,manager_assessment,training
ES0041,EMP004,SKILL_023,Intermediate,55,2,2026-02-02,self_assessment,work_experience
ES0042,EMP004,SKILL_001,Advanced,80,2,2026-06-01,certification,training
ES0043,EMP005,SKILL_003,Intermediate,63,3,2026-06-13,manager_assessment,certification
ES0044,EMP005,SKILL_028,Basic,43,1,2026-03-26,certification,project
ES0045,EMP005,SKILL_027,Intermediate,58,1,2026-05-29,certification,work_experience
ES0046,EMP005,SKILL_020,Basic,41,3,2026-06-21,self_assessment,project
ES0047,EMP005,SKILL_059,Intermediate,64,1,2026-03-27,peer_review,assessment
ES0048,EMP005,SKILL_127,Basic,45,3,2026-04-01,certification,training
ES0049,EMP005,SKILL_154,Basic,36,1,2026-03-08,certification,certification
ES0050,EMP006,SKILL_002,Intermediate,60,2,2026-05-23,certification,work_experience
ES0051,EMP006,SKILL_039,Intermediate,59,7,2026-03-10,certification,training
ES0052,EMP006,SKILL_018,Intermediate,56,5,2026-01-05,peer_review,project
ES0053,EMP006,SKILL_026,Intermediate,63,1,2026-01-06,manager_assessment,training
ES0054,EMP006,SKILL_022,Intermediate,64,3,2026-05-01,self_assessment,assessment
ES0055,EMP006,SKILL_131,Advanced,82,1,2026-02-15,certification,project
ES0056,EMP006,SKILL_021,Intermediate,56,2,2026-02-21,self_assessment,work_experience
ES0057,EMP006,SKILL_063,Intermediate,56,3,2026-02-01,peer_review,certification
ES0058,EMP006,SKILL_128,Intermediate,61,3,2026-01-18,certification,certification
ES0059,EMP006,SKILL_041,Basic,45,2,2026-02-14,manager_assessment,training
ES0060,EMP006,SKILL_007,Intermediate,65,6,2026-05-04,peer_review,training
ES0061,EMP007,SKILL_019,Intermediate,63,5,2026-01-24,manager_assessment,certification
ES0062,EMP007,SKILL_007,Intermediate,58,4,2026-01-27,project_work,certification
ES0063,EMP007,SKILL_030,Intermediate,64,5,2026-01-13,certification,certification
ES0064,EMP007,SKILL_119,Intermediate,62,5,2026-01-29,project_work,work_experience
ES0065,EMP007,SKILL_025,Intermediate,62,2,2026-06-03,self_assessment,certification
ES0066,EMP007,SKILL_002,Advanced,80,1,2026-06-17,peer_review,project
ES0067,EMP007,SKILL_115,Advanced,84,5,2026-03-24,self_assessment,assessment
ES0068,EMP007,SKILL_027,Intermediate,65,5,2026-06-13,manager_assessment,training
ES0069,EMP007,SKILL_031,Advanced,78,2,2026-04-25,manager_assessment,certification
ES0070,EMP007,SKILL_023,Expert,90,2,2026-01-02,peer_review,assessment
ES0071,EMP007,SKILL_039,Advanced,80,2,2026-06-04,peer_review,certification
ES0072,EMP007,SKILL_026,Intermediate,60,1,2026-05-05,peer_review,assessment
ES0073,EMP008,SKILL_063,Intermediate,57,7,2026-01-23,self_assessment,project
ES0074,EMP008,SKILL_001,Advanced,85,4,2026-05-04,peer_review,project
ES0075,EMP008,SKILL_021,Advanced,76,1,2026-03-06,certification,project
ES0076,EMP008,SKILL_127,Advanced,81,5,2026-04-21,certification,project
ES0077,EMP008,SKILL_002,Advanced,80,1,2026-04-04,peer_review,certification
ES0078,EMP008,SKILL_031,Intermediate,56,1,2026-04-22,certification,project
ES0079,EMP008,SKILL_025,Advanced,75,1,2026-05-22,certification,training
ES0080,EMP008,SKILL_022,Advanced,81,6,2026-06-15,certification,certification
ES0081,EMP008,SKILL_023,Intermediate,61,3,2026-05-04,project_work,training
ES0082,EMP008,SKILL_026,Advanced,84,6,2026-05-31,manager_assessment,training
ES0083,EMP008,SKILL_028,Advanced,85,6,2026-04-02,self_assessment,assessment
ES0084,EMP008,SKILL_027,Advanced,82,7,2026-04-02,manager_assessment,certification
ES0085,EMP009,SKILL_047,Intermediate,56,2,2026-04-13,certification,assessment
ES0086,EMP009,SKILL_022,Advanced,78,1,2026-03-21,manager_assessment,certification
ES0087,EMP009,SKILL_039,Advanced,83,1,2026-01-28,certification,training
ES0088,EMP009,SKILL_063,Advanced,84,1,2026-04-30,certification,training
ES0089,EMP009,SKILL_001,Advanced,80,1,2026-05-10,self_assessment,project
ES0090,EMP009,SKILL_003,Intermediate,62,2,2026-02-22,certification,assessment
ES0091,EMP009,SKILL_031,Intermediate,62,1,2026-05-21,manager_assessment,assessment
ES0092,EMP010,SKILL_027,Intermediate,55,4,2026-06-16,manager_assessment,assessment
ES0093,EMP010,SKILL_031,Advanced,80,5,2026-03-20,certification,project
ES0094,EMP010,SKILL_021,Intermediate,59,5,2026-02-13,peer_review,assessment
ES0095,EMP010,SKILL_023,Advanced,77,1,2026-02-19,manager_assessment,project
ES0096,EMP010,SKILL_028,Advanced,85,4,2026-02-04,project_work,assessment
ES0097,EMP010,SKILL_128,Advanced,83,1,2026-03-09,manager_assessment,project
ES0098,EMP010,SKILL_002,Intermediate,56,4,2026-02-12,certification,certification
ES0099,EMP010,SKILL_022,Intermediate,56,5,2026-03-08,self_assessment,work_experience
ES0100,EMP010,SKILL_001,Advanced,76,2,2026-01-19,manager_assessment,project
ES0101,EMP010,SKILL_026,Intermediate,63,1,2026-06-05,project_work,training
ES0102,EMP011,SKILL_007,Basic,41,4,2026-05-12,self_assessment,project
ES0103,EMP011,SKILL_002,Basic,36,3,2026-05-15,project_work,certification
ES0104,EMP011,SKILL_026,Intermediate,62,3,2026-03-16,certification,work_experience
ES0105,EMP011,SKILL_039,Intermediate,55,4,2026-02-03,project_work,assessment
ES0106,EMP011,SKILL_112,Intermediate,59,4,2026-01-27,peer_review,training
ES0107,EMP011,SKILL_031,Intermediate,62,5,2026-02-11,self_assessment,work_experience
ES0108,EMP011,SKILL_001,Intermediate,60,1,2026-06-12,certification,project
ES0109,EMP011,SKILL_127,Advanced,75,6,2026-01-17,peer_review,project
ES0110,EMP011,SKILL_020,Intermediate,56,6,2026-05-25,project_work,project
ES0111,EMP012,SKILL_106,Advanced,80,6,2026-04-17,self_assessment,certification
ES0112,EMP012,SKILL_060,Intermediate,55,2,2026-06-20,manager_assessment,assessment
ES0113,EMP012,SKILL_020,Advanced,79,6,2026-01-18,certification,training
ES0114,EMP012,SKILL_001,Advanced,81,3,2026-05-31,self_assessment,work_experience
ES0115,EMP012,SKILL_003,Advanced,77,2,2026-06-15,peer_review,training
ES0116,EMP012,SKILL_023,Intermediate,65,1,2026-02-25,peer_review,project
ES0117,EMP012,SKILL_039,Advanced,83,4,2026-03-09,manager_assessment,certification
ES0118,EMP012,SKILL_026,Advanced,76,1,2026-04-28,peer_review,assessment
ES0119,EMP013,SKILL_003,Advanced,85,2,2026-05-31,project_work,project
ES0120,EMP013,SKILL_070,Intermediate,64,4,2026-05-19,certification,project
ES0121,EMP013,SKILL_001,Intermediate,57,2,2026-03-02,self_assessment,training
ES0122,EMP013,SKILL_023,Advanced,84,4,2026-03-04,manager_assessment,assessment
ES0123,EMP013,SKILL_019,Intermediate,60,3,2026-04-01,peer_review,assessment
ES0124,EMP013,SKILL_027,Intermediate,63,3,2026-05-06,manager_assessment,training
ES0125,EMP013,SKILL_022,Intermediate,57,1,2026-05-07,certification,assessment
ES0126,EMP013,SKILL_030,Advanced,85,4,2026-04-23,certification,work_experience
ES0127,EMP013,SKILL_039,Intermediate,58,3,2026-03-30,self_assessment,assessment
ES0128,EMP013,SKILL_127,Intermediate,56,4,2026-01-17,self_assessment,project
ES0129,EMP013,SKILL_034,Intermediate,64,4,2026-06-14,project_work,assessment
ES0130,EMP013,SKILL_031,Advanced,80,1,2026-05-17,peer_review,certification
ES0131,EMP014,SKILL_115,Beginner,27,1,2026-05-27,certification,project
ES0132,EMP014,SKILL_128,Beginner,28,4,2026-03-30,project_work,project
ES0133,EMP014,SKILL_040,Basic,36,1,2026-02-02,manager_assessment,assessment
ES0134,EMP014,SKILL_059,Basic,39,3,2026-05-21,self_assessment,project
ES0135,EMP014,SKILL_022,Basic,44,2,2026-01-19,project_work,project
ES0136,EMP014,SKILL_119,Beginner,28,3,2026-06-07,manager_assessment,training
ES0137,EMP014,SKILL_005,Basic,41,1,2026-04-22,project_work,assessment
ES0138,EMP014,SKILL_127,Basic,44,1,2026-02-01,manager_assessment,certification
ES0139,EMP014,SKILL_030,Beginner,30,3,2026-01-27,peer_review,assessment
ES0140,EMP015,SKILL_027,Expert,92,2,2026-06-13,peer_review,project
ES0141,EMP015,SKILL_021,Advanced,83,2,2026-03-06,manager_assessment,project
ES0142,EMP015,SKILL_023,Advanced,82,1,2026-03-03,self_assessment,certification
ES0143,EMP015,SKILL_028,Expert,93,2,2026-02-08,certification,certification
ES0144,EMP015,SKILL_003,Expert,90,1,2026-06-11,self_assessment,training
ES0145,EMP015,SKILL_063,Expert,90,2,2026-02-03,certification,certification
ES0146,EMP016,SKILL_015,Advanced,78,3,2026-01-03,project_work,certification
ES0147,EMP016,SKILL_001,Advanced,75,1,2026-01-24,certification,work_experience
ES0148,EMP016,SKILL_003,Intermediate,60,4,2026-03-22,manager_assessment,assessment
ES0149,EMP016,SKILL_016,Advanced,76,3,2026-02-09,self_assessment,work_experience
ES0150,EMP016,SKILL_018,Intermediate,56,3,2026-04-30,certification,assessment
ES0151,EMP016,SKILL_127,Advanced,83,2,2026-05-22,peer_review,assessment
ES0152,EMP016,SKILL_019,Advanced,80,1,2026-01-06,project_work,training
ES0153,EMP016,SKILL_068,Intermediate,62,3,2026-05-29,project_work,work_experience
ES0154,EMP016,SKILL_043,Intermediate,64,2,2026-05-07,self_assessment,certification
ES0155,EMP016,SKILL_119,Intermediate,58,3,2026-05-25,project_work,assessment
ES0156,EMP016,SKILL_063,Advanced,84,3,2026-01-14,project_work,work_experience
ES0157,EMP016,SKILL_048,Advanced,79,1,2026-04-16,certification,certification
ES0158,EMP017,SKILL_003,Advanced,81,2,2026-02-15,manager_assessment,assessment
ES0159,EMP017,SKILL_127,Advanced,76,5,2026-06-18,project_work,project
ES0160,EMP017,SKILL_026,Intermediate,55,4,2026-05-19,manager_assessment,certification
ES0161,EMP017,SKILL_018,Advanced,84,2,2026-05-03,project_work,certification
ES0162,EMP017,SKILL_034,Intermediate,58,2,2026-03-25,certification,project
ES0163,EMP017,SKILL_019,Advanced,81,2,2026-06-24,peer_review,certification
ES0164,EMP017,SKILL_128,Advanced,82,2,2026-05-22,project_work,work_experience
ES0165,EMP017,SKILL_017,Advanced,80,3,2026-01-13,certification,work_experience
ES0166,EMP017,SKILL_068,Advanced,80,3,2026-06-18,self_assessment,certification
ES0167,EMP017,SKILL_025,Intermediate,65,4,2026-03-17,manager_assessment,assessment
ES0168,EMP017,SKILL_016,Intermediate,56,3,2026-02-23,certification,project
ES0169,EMP017,SKILL_104,Advanced,83,5,2026-01-03,manager_assessment,work_experience
ES0170,EMP018,SKILL_004,Basic,36,2,2026-04-28,self_assessment,assessment
ES0171,EMP018,SKILL_017,Intermediate,63,3,2026-03-18,project_work,project
ES0172,EMP018,SKILL_063,Basic,41,3,2026-02-09,manager_assessment,assessment
ES0173,EMP018,SKILL_019,Intermediate,63,1,2026-06-12,project_work,work_experience
ES0174,EMP018,SKILL_127,Intermediate,60,2,2026-06-16,peer_review,work_experience
ES0175,EMP018,SKILL_025,Basic,40,3,2026-05-02,self_assessment,project
ES0176,EMP018,SKILL_016,Intermediate,61,3,2026-05-28,peer_review,certification
ES0177,EMP019,SKILL_045,Intermediate,57,4,2026-01-24,project_work,training
ES0178,EMP019,SKILL_105,Intermediate,62,5,2026-06-03,self_assessment,project
ES0179,EMP019,SKILL_104,Advanced,81,6,2026-06-18,peer_review,work_experience
ES0180,EMP019,SKILL_068,Advanced,83,1,2026-01-31,peer_review,work_experience
ES0181,EMP019,SKILL_025,Advanced,85,6,2026-02-23,project_work,assessment
ES0182,EMP019,SKILL_018,Intermediate,55,6,2026-05-22,project_work,assessment
ES0183,EMP019,SKILL_003,Advanced,83,1,2026-03-21,certification,training
ES0184,EMP019,SKILL_119,Intermediate,61,3,2026-01-16,project_work,project
ES0185,EMP019,SKILL_063,Intermediate,58,1,2026-06-06,self_assessment,training
ES0186,EMP019,SKILL_026,Advanced,82,4,2026-04-10,self_assessment,assessment
ES0187,EMP019,SKILL_015,Advanced,76,1,2026-01-03,manager_assessment,certification
ES0188,EMP020,SKILL_026,Advanced,77,1,2026-05-18,manager_assessment,project
ES0189,EMP020,SKILL_017,Advanced,75,4,2026-03-08,manager_assessment,project
ES0190,EMP020,SKILL_015,Advanced,81,1,2026-05-20,self_assessment,project
ES0191,EMP020,SKILL_019,Intermediate,60,1,2026-01-30,manager_assessment,assessment
ES0192,EMP020,SKILL_119,Advanced,82,3,2026-02-10,peer_review,work_experience
ES0193,EMP020,SKILL_105,Advanced,82,4,2026-01-06,manager_assessment,training
ES0194,EMP020,SKILL_004,Advanced,83,4,2026-01-14,certification,assessment
ES0195,EMP020,SKILL_072,Advanced,85,1,2026-03-09,manager_assessment,project
ES0196,EMP021,SKILL_127,Beginner,20,3,2026-01-03,self_assessment,training
ES0197,EMP021,SKILL_003,Intermediate,55,4,2026-01-22,manager_assessment,project
ES0198,EMP021,SKILL_063,Intermediate,60,2,2026-04-18,manager_assessment,certification
ES0199,EMP021,SKILL_105,Intermediate,59,1,2026-02-12,project_work,assessment
ES0200,EMP021,SKILL_025,Basic,41,2,2026-05-19,peer_review,certification
ES0201,EMP021,SKILL_019,Basic,38,4,2026-03-01,peer_review,assessment
ES0202,EMP021,SKILL_017,Intermediate,62,3,2026-02-13,self_assessment,training
ES0203,EMP021,SKILL_068,Intermediate,57,1,2026-01-12,certification,assessment
ES0204,EMP021,SKILL_119,Basic,43,2,2026-04-01,self_assessment,assessment
ES0205,EMP021,SKILL_104,Intermediate,57,1,2026-01-14,self_assessment,project
ES0206,EMP021,SKILL_015,Intermediate,57,1,2026-06-27,peer_review,assessment
ES0207,EMP022,SKILL_004,Advanced,80,3,2026-06-05,manager_assessment,certification
ES0208,EMP022,SKILL_015,Intermediate,60,4,2026-05-23,manager_assessment,project
ES0209,EMP022,SKILL_018,Advanced,80,3,2026-06-11,peer_review,work_experience
ES0210,EMP022,SKILL_016,Intermediate,64,3,2026-04-07,peer_review,project
ES0211,EMP022,SKILL_063,Advanced,76,4,2026-04-04,project_work,certification
ES0212,EMP022,SKILL_017,Advanced,76,3,2026-03-18,peer_review,training
ES0213,EMP023,SKILL_025,Advanced,81,4,2026-03-09,project_work,work_experience
ES0214,EMP023,SKILL_003,Intermediate,65,4,2026-03-01,project_work,certification
ES0215,EMP023,SKILL_127,Expert,97,4,2026-02-17,self_assessment,work_experience
ES0216,EMP023,SKILL_063,Advanced,85,2,2026-02-01,peer_review,assessment
ES0217,EMP023,SKILL_016,Expert,95,5,2026-05-15,manager_assessment,project
ES0218,EMP023,SKILL_004,Intermediate,56,4,2026-05-05,certification,assessment
ES0219,EMP023,SKILL_037,Intermediate,62,2,2026-02-14,certification,certification
ES0220,EMP023,SKILL_026,Advanced,78,1,2026-06-29,certification,certification
ES0221,EMP024,SKILL_026,Intermediate,64,3,2026-03-08,certification,certification
ES0222,EMP024,SKILL_119,Intermediate,58,1,2026-02-25,certification,project
ES0223,EMP024,SKILL_068,Advanced,82,1,2026-04-18,peer_review,training
ES0224,EMP024,SKILL_016,Intermediate,55,5,2026-05-05,manager_assessment,training
ES0225,EMP024,SKILL_029,Basic,44,6,2026-03-02,project_work,assessment
ES0226,EMP024,SKILL_019,Intermediate,64,2,2026-01-09,project_work,project
ES0227,EMP024,SKILL_127,Basic,42,6,2026-03-08,self_assessment,training
ES0228,EMP024,SKILL_011,Intermediate,64,6,2026-04-10,manager_assessment,assessment
ES0229,EMP024,SKILL_018,Intermediate,59,6,2026-05-10,certification,certification
ES0230,EMP024,SKILL_025,Basic,42,6,2026-06-07,self_assessment,assessment
ES0231,EMP025,SKILL_105,Basic,35,2,2026-03-22,manager_assessment,certification
ES0232,EMP025,SKILL_063,Basic,42,1,2026-04-02,self_assessment,project
ES0233,EMP025,SKILL_003,Basic,37,3,2026-06-22,manager_assessment,project
ES0234,EMP025,SKILL_018,Beginner,20,2,2026-05-10,project_work,project
ES0235,EMP025,SKILL_017,Basic,35,2,2026-03-25,peer_review,work_experience
ES0236,EMP025,SKILL_015,Basic,44,3,2026-03-22,project_work,work_experience
ES0237,EMP025,SKILL_114,Basic,45,1,2026-05-05,manager_assessment,work_experience
ES0238,EMP025,SKILL_031,Intermediate,63,1,2026-05-17,peer_review,project
ES0239,EMP025,SKILL_016,Intermediate,64,2,2026-05-24,certification,work_experience
ES0240,EMP025,SKILL_068,Basic,39,4,2026-03-01,certification,certification
ES0241,EMP026,SKILL_110,Intermediate,55,1,2026-06-18,project_work,assessment
ES0242,EMP026,SKILL_043,Advanced,75,3,2026-05-21,manager_assessment,assessment
ES0243,EMP026,SKILL_036,Advanced,83,3,2026-06-06,peer_review,training
ES0244,EMP026,SKILL_039,Intermediate,65,3,2026-04-13,certification,assessment
ES0245,EMP026,SKILL_040,Intermediate,61,1,2026-05-24,self_assessment,assessment
ES0246,EMP026,SKILL_041,Intermediate,63,2,2026-02-05,project_work,project
ES0247,EMP026,SKILL_042,Intermediate,62,1,2026-03-05,project_work,work_experience
ES0248,EMP026,SKILL_111,Intermediate,58,1,2026-06-08,manager_assessment,certification
ES0249,EMP026,SKILL_038,Advanced,81,1,2026-03-26,peer_review,certification
ES0250,EMP026,SKILL_122,Intermediate,59,1,2026-02-04,certification,certification
ES0251,EMP027,SKILL_130,Basic,43,1,2026-04-16,certification,training
ES0252,EMP027,SKILL_109,Basic,40,2,2026-04-29,manager_assessment,training
ES0253,EMP027,SKILL_042,Intermediate,56,1,2026-04-23,self_assessment,certification
ES0254,EMP027,SKILL_111,Basic,42,2,2026-03-04,manager_assessment,training
ES0255,EMP027,SKILL_038,Intermediate,55,2,2026-04-01,certification,assessment
ES0256,EMP027,SKILL_041,Basic,44,1,2026-05-13,self_assessment,work_experience
ES0257,EMP027,SKILL_133,Intermediate,58,1,2026-06-29,manager_assessment,assessment
ES0258,EMP027,SKILL_054,Intermediate,65,2,2026-05-07,certification,certification
ES0259,EMP027,SKILL_043,Intermediate,55,2,2026-04-02,manager_assessment,training
ES0260,EMP027,SKILL_040,Intermediate,56,1,2026-03-04,self_assessment,certification
ES0261,EMP027,SKILL_128,Intermediate,55,1,2026-06-16,project_work,certification
ES0262,EMP028,SKILL_128,Basic,42,2,2026-06-29,peer_review,assessment
ES0263,EMP028,SKILL_146,Basic,41,1,2026-03-08,manager_assessment,work_experience
ES0264,EMP028,SKILL_110,Basic,43,3,2026-05-04,manager_assessment,work_experience
ES0265,EMP028,SKILL_042,Intermediate,59,3,2026-03-20,manager_assessment,certification
ES0266,EMP028,SKILL_041,Beginner,21,5,2026-01-06,manager_assessment,training
ES0267,EMP028,SKILL_037,Basic,37,1,2026-02-12,certification,certification
ES0268,EMP028,SKILL_040,Basic,35,4,2026-06-11,project_work,certification
ES0269,EMP028,SKILL_039,Basic,37,5,2026-04-04,peer_review,project
ES0270,EMP028,SKILL_038,Basic,36,2,2026-06-05,manager_assessment,assessment
ES0271,EMP029,SKILL_127,Intermediate,57,1,2026-04-15,self_assessment,certification
ES0272,EMP029,SKILL_128,Expert,98,1,2026-05-19,certification,training
ES0273,EMP029,SKILL_133,Advanced,80,2,2026-02-12,project_work,assessment
ES0274,EMP029,SKILL_110,Intermediate,57,2,2026-01-22,certification,assessment
ES0275,EMP029,SKILL_043,Advanced,81,2,2026-04-25,peer_review,certification
ES0276,EMP029,SKILL_041,Intermediate,59,2,2026-03-21,certification,training
ES0277,EMP029,SKILL_111,Advanced,78,1,2026-03-17,project_work,work_experience
ES0278,EMP030,SKILL_041,Beginner,28,2,2026-06-30,manager_assessment,work_experience
ES0279,EMP030,SKILL_128,Beginner,25,4,2026-06-09,certification,training
ES0280,EMP030,SKILL_043,Basic,35,2,2026-06-13,manager_assessment,certification
ES0281,EMP030,SKILL_127,Basic,41,2,2026-03-02,certification,certification
ES0282,EMP030,SKILL_001,Beginner,23,2,2026-06-07,certification,work_experience
ES0283,EMP030,SKILL_036,Basic,41,4,2026-03-21,project_work,training
ES0284,EMP030,SKILL_040,Basic,38,5,2026-06-28,self_assessment,certification
ES0285,EMP030,SKILL_109,Beginner,27,5,2026-04-25,project_work,certification
ES0286,EMP030,SKILL_111,Basic,36,6,2026-06-09,manager_assessment,work_experience
ES0287,EMP030,SKILL_133,Basic,43,4,2026-03-19,certification,project
ES0288,EMP031,SKILL_111,Intermediate,59,2,2026-05-28,peer_review,training
ES0289,EMP031,SKILL_133,Basic,36,2,2026-01-27,peer_review,certification
ES0290,EMP031,SKILL_109,Advanced,80,1,2026-06-14,project_work,assessment
ES0291,EMP031,SKILL_042,Basic,40,3,2026-06-29,certification,project
ES0292,EMP031,SKILL_128,Intermediate,55,7,2026-04-01,self_assessment,assessment
ES0293,EMP031,SKILL_095,Intermediate,61,5,2026-02-10,project_work,work_experience
ES0294,EMP031,SKILL_110,Intermediate,60,5,2026-04-29,peer_review,certification
ES0295,EMP031,SKILL_036,Intermediate,61,7,2026-05-30,peer_review,work_experience
ES0296,EMP031,SKILL_040,Advanced,75,1,2026-03-28,manager_assessment,project
ES0297,EMP031,SKILL_044,Basic,35,2,2026-01-21,manager_assessment,certification
ES0298,EMP032,SKILL_115,Intermediate,61,2,2026-04-20,project_work,training
ES0299,EMP032,SKILL_152,Intermediate,59,10,2026-05-03,project_work,work_experience
ES0300,EMP032,SKILL_063,Advanced,80,10,2026-02-01,peer_review,assessment
ES0301,EMP032,SKILL_138,Advanced,75,7,2026-01-02,certification,work_experience
ES0302,EMP032,SKILL_075,Intermediate,64,5,2026-03-20,self_assessment,project
ES0303,EMP032,SKILL_072,Advanced,77,8,2026-05-17,peer_review,project
ES0304,EMP032,SKILL_153,Advanced,78,8,2026-03-31,certification,certification
ES0305,EMP032,SKILL_071,Expert,94,9,2026-05-03,manager_assessment,certification
ES0306,EMP032,SKILL_070,Advanced,82,10,2026-01-18,certification,assessment
ES0307,EMP032,SKILL_126,Intermediate,56,5,2026-06-21,project_work,assessment
ES0308,EMP033,SKILL_063,Basic,36,5,2026-05-01,manager_assessment,work_experience
ES0309,EMP033,SKILL_071,Basic,35,5,2026-05-20,project_work,project
ES0310,EMP033,SKILL_042,Intermediate,63,4,2026-01-31,project_work,certification
ES0311,EMP033,SKILL_075,Intermediate,55,1,2026-01-09,self_assessment,work_experience
ES0312,EMP033,SKILL_004,Basic,44,2,2026-03-18,self_assessment,work_experience
ES0313,EMP033,SKILL_152,Intermediate,57,3,2026-03-05,self_assessment,certification
ES0314,EMP033,SKILL_044,Basic,45,8,2026-03-09,self_assessment,certification
ES0315,EMP033,SKILL_070,Basic,39,3,2026-05-19,manager_assessment,assessment
ES0316,EMP033,SKILL_067,Basic,42,3,2026-04-30,certification,work_experience
ES0317,EMP033,SKILL_153,Basic,43,7,2026-03-13,manager_assessment,project
ES0318,EMP034,SKILL_152,Basic,41,9,2026-02-24,self_assessment,certification
ES0319,EMP034,SKILL_070,Beginner,24,1,2026-06-13,peer_review,certification
ES0320,EMP034,SKILL_115,Basic,40,3,2026-04-20,peer_review,work_experience
ES0321,EMP034,SKILL_067,Basic,40,3,2026-06-28,peer_review,project
ES0322,EMP034,SKILL_153,Basic,40,4,2026-04-10,certification,project
ES0323,EMP034,SKILL_101,Basic,41,7,2026-02-25,project_work,training
ES0324,EMP035,SKILL_115,Intermediate,56,9,2026-02-17,certification,work_experience
ES0325,EMP035,SKILL_072,Intermediate,58,10,2026-01-21,manager_assessment,certification
ES0326,EMP035,SKILL_153,Basic,40,10,2026-05-19,project_work,training
ES0327,EMP035,SKILL_070,Intermediate,58,10,2026-01-20,project_work,assessment
ES0328,EMP035,SKILL_130,Intermediate,55,6,2026-04-15,manager_assessment,project
ES0329,EMP035,SKILL_079,Basic,41,5,2026-06-14,peer_review,certification
ES0330,EMP036,SKILL_027,Intermediate,58,2,2026-03-22,self_assessment,project
ES0331,EMP036,SKILL_100,Advanced,81,1,2026-06-19,peer_review,certification
ES0332,EMP036,SKILL_105,Intermediate,62,2,2026-01-18,manager_assessment,work_experience
ES0333,EMP036,SKILL_130,Advanced,80,2,2026-06-09,manager_assessment,certification
ES0334,EMP036,SKILL_119,Advanced,77,2,2026-03-17,certification,assessment
ES0335,EMP036,SKILL_063,Advanced,84,2,2026-06-30,project_work,training
ES0336,EMP036,SKILL_149,Intermediate,59,1,2026-02-14,project_work,training
ES0337,EMP036,SKILL_121,Intermediate,57,2,2026-06-07,manager_assessment,project
ES0338,EMP036,SKILL_003,Intermediate,62,2,2026-04-24,peer_review,work_experience
ES0339,EMP036,SKILL_068,Intermediate,63,1,2026-03-22,certification,project
ES0340,EMP037,SKILL_033,Beginner,22,6,2026-02-27,self_assessment,training
ES0341,EMP037,SKILL_001,Basic,37,2,2026-04-18,peer_review,project
ES0342,EMP037,SKILL_120,Basic,37,4,2026-01-17,manager_assessment,project
ES0343,EMP037,SKILL_051,Beginner,27,2,2026-02-03,self_assessment,certification
ES0344,EMP037,SKILL_112,Intermediate,57,6,2026-03-26,certification,project
ES0345,EMP037,SKILL_068,Basic,39,1,2026-01-07,peer_review,work_experience
ES0346,EMP037,SKILL_123,Intermediate,60,4,2026-03-03,peer_review,project
ES0347,EMP037,SKILL_027,Intermediate,58,5,2026-02-24,project_work,training
ES0348,EMP037,SKILL_097,Basic,45,2,2026-05-08,peer_review,training
ES0349,EMP037,SKILL_119,Basic,43,4,2026-03-28,certification,certification
ES0350,EMP037,SKILL_003,Intermediate,58,6,2026-04-25,certification,work_experience
ES0351,EMP037,SKILL_100,Basic,35,6,2026-06-07,manager_assessment,work_experience
ES0352,EMP038,SKILL_122,Advanced,83,1,2026-03-10,peer_review,work_experience
ES0353,EMP038,SKILL_123,Advanced,82,1,2026-05-14,project_work,training
ES0354,EMP038,SKILL_120,Advanced,81,5,2026-04-30,certification,training
ES0355,EMP038,SKILL_027,Intermediate,64,1,2026-04-30,self_assessment,project
ES0356,EMP038,SKILL_114,Advanced,84,3,2026-06-17,project_work,training
ES0357,EMP038,SKILL_003,Advanced,84,5,2026-05-08,manager_assessment,project
ES0358,EMP038,SKILL_068,Intermediate,60,1,2026-03-09,project_work,assessment
ES0359,EMP038,SKILL_099,Intermediate,63,4,2026-01-25,manager_assessment,assessment
ES0360,EMP039,SKILL_123,Beginner,28,3,2026-03-09,project_work,certification
ES0361,EMP039,SKILL_122,Basic,41,1,2026-06-12,project_work,project
ES0362,EMP039,SKILL_151,Basic,39,1,2026-06-20,self_assessment,assessment
ES0363,EMP039,SKILL_121,Basic,44,3,2026-01-11,certification,assessment
ES0364,EMP039,SKILL_003,Beginner,20,2,2026-01-26,project_work,certification
ES0365,EMP039,SKILL_142,Beginner,21,3,2026-01-18,project_work,training
ES0366,EMP040,SKILL_063,Intermediate,65,1,2026-06-16,manager_assessment,work_experience
ES0367,EMP040,SKILL_001,Advanced,82,1,2026-04-27,project_work,training
ES0368,EMP040,SKILL_120,Intermediate,61,2,2026-02-18,manager_assessment,project
ES0369,EMP040,SKILL_139,Intermediate,64,2,2026-01-16,manager_assessment,assessment
ES0370,EMP040,SKILL_068,Intermediate,57,2,2026-02-07,project_work,certification
ES0371,EMP040,SKILL_121,Intermediate,60,2,2026-06-09,certification,work_experience
ES0372,EMP040,SKILL_119,Basic,44,2,2026-04-23,certification,work_experience
ES0373,EMP040,SKILL_100,Intermediate,57,1,2026-03-22,peer_review,certification
ES0374,EMP040,SKILL_003,Intermediate,64,2,2026-02-06,project_work,work_experience
ES0375,EMP041,SKILL_123,Basic,45,3,2026-05-08,self_assessment,certification
ES0376,EMP041,SKILL_100,Beginner,22,2,2026-06-25,certification,certification
ES0377,EMP041,SKILL_027,Basic,35,5,2026-02-11,peer_review,training
ES0378,EMP041,SKILL_120,Basic,45,5,2026-02-25,project_work,training
ES0379,EMP041,SKILL_063,Basic,42,4,2026-06-08,peer_review,training
ES0380,EMP041,SKILL_119,Intermediate,55,2,2026-03-08,manager_assessment,work_experience
ES0381,EMP041,SKILL_147,Intermediate,59,3,2026-02-13,manager_assessment,training
ES0382,EMP041,SKILL_003,Basic,43,5,2026-03-22,self_assessment,certification
ES0383,EMP041,SKILL_101,Basic,39,1,2026-06-04,peer_review,assessment
ES0384,EMP041,SKILL_121,Basic,36,1,2026-04-15,peer_review,work_experience
ES0385,EMP041,SKILL_001,Intermediate,57,3,2026-05-31,self_assessment,assessment
ES0386,EMP041,SKILL_068,Basic,38,2,2026-02-11,certification,training
ES0387,EMP042,SKILL_004,Intermediate,62,3,2026-02-08,manager_assessment,training
ES0388,EMP042,SKILL_091,Intermediate,57,2,2026-01-15,project_work,certification
ES0389,EMP042,SKILL_072,Intermediate,55,2,2026-06-12,peer_review,assessment
ES0390,EMP042,SKILL_111,Advanced,81,3,2026-06-03,self_assessment,project
ES0391,EMP042,SKILL_093,Advanced,81,3,2026-01-21,certification,work_experience
ES0392,EMP042,SKILL_092,Intermediate,58,4,2026-04-02,self_assessment,work_experience
ES0393,EMP042,SKILL_070,Intermediate,55,3,2026-05-08,certification,certification
ES0394,EMP042,SKILL_075,Advanced,77,3,2026-03-29,manager_assessment,certification
ES0395,EMP042,SKILL_002,Intermediate,63,1,2026-02-21,peer_review,project
ES0396,EMP042,SKILL_094,Advanced,85,3,2026-05-27,manager_assessment,training
ES0397,EMP043,SKILL_097,Intermediate,59,2,2026-04-06,manager_assessment,training
ES0398,EMP043,SKILL_092,Advanced,76,1,2026-02-06,certification,project
ES0399,EMP043,SKILL_075,Intermediate,56,1,2026-03-22,peer_review,project
ES0400,EMP043,SKILL_070,Intermediate,62,1,2026-06-12,project_work,work_experience
ES0401,EMP043,SKILL_093,Intermediate,55,1,2026-06-02,self_assessment,certification
ES0402,EMP043,SKILL_057,Intermediate,62,1,2026-02-25,project_work,training
ES0403,EMP043,SKILL_107,Basic,37,2,2026-06-19,self_assessment,project
ES0404,EMP043,SKILL_072,Intermediate,62,2,2026-05-26,certification,assessment
ES0405,EMP043,SKILL_096,Intermediate,55,2,2026-04-16,self_assessment,training
ES0406,EMP044,SKILL_075,Beginner,20,1,2026-05-02,peer_review,work_experience
ES0407,EMP044,SKILL_091,Basic,37,1,2026-02-02,certification,work_experience
ES0408,EMP044,SKILL_072,Beginner,27,2,2026-06-16,peer_review,assessment
ES0409,EMP044,SKILL_092,Basic,37,1,2026-01-09,project_work,training
ES0410,EMP044,SKILL_093,Beginner,28,1,2026-04-01,manager_assessment,assessment
ES0411,EMP044,SKILL_094,Basic,39,1,2026-04-21,certification,project
ES0412,EMP044,SKILL_033,Beginner,20,2,2026-02-14,manager_assessment,assessment
ES0413,EMP044,SKILL_097,Beginner,24,1,2026-06-21,certification,project
ES0414,EMP044,SKILL_070,Basic,45,2,2026-04-11,manager_assessment,work_experience
ES0415,EMP044,SKILL_096,Beginner,29,2,2026-04-29,manager_assessment,work_experience
ES0416,EMP045,SKILL_102,Intermediate,63,6,2026-03-26,self_assessment,work_experience
ES0417,EMP045,SKILL_020,Advanced,77,5,2026-03-27,project_work,training
ES0418,EMP045,SKILL_128,Intermediate,63,1,2026-01-29,self_assessment,project
ES0419,EMP045,SKILL_092,Basic,41,1,2026-06-14,manager_assessment,training
ES0420,EMP045,SKILL_096,Intermediate,65,1,2026-01-04,peer_review,assessment
ES0421,EMP045,SKILL_072,Intermediate,62,6,2026-01-30,certification,work_experience
ES0422,EMP045,SKILL_097,Intermediate,60,6,2026-03-27,manager_assessment,training
ES0423,EMP045,SKILL_117,Intermediate,62,3,2026-02-27,manager_assessment,work_experience
ES0424,EMP045,SKILL_070,Intermediate,61,1,2026-03-27,certification,assessment
ES0425,EMP045,SKILL_093,Intermediate,57,1,2026-03-04,self_assessment,certification
ES0426,EMP045,SKILL_075,Basic,44,1,2026-04-05,certification,project
ES0427,EMP046,SKILL_041,Intermediate,62,2,2026-04-12,certification,assessment
ES0428,EMP046,SKILL_094,Intermediate,59,3,2026-02-12,manager_assessment,training
ES0429,EMP046,SKILL_072,Intermediate,60,1,2026-04-12,certification,training
ES0430,EMP046,SKILL_070,Advanced,83,2,2026-01-23,certification,work_experience
ES0431,EMP046,SKILL_097,Intermediate,65,3,2026-05-07,project_work,assessment
ES0432,EMP046,SKILL_075,Intermediate,62,2,2026-02-27,manager_assessment,certification
ES0433,EMP046,SKILL_096,Intermediate,55,2,2026-05-13,peer_review,work_experience
ES0434,EMP046,SKILL_126,Basic,40,1,2026-05-26,self_assessment,certification
ES0435,EMP046,SKILL_093,Basic,37,3,2026-03-10,self_assessment,training
ES0436,EMP046,SKILL_091,Basic,44,3,2026-03-03,project_work,training
ES0437,EMP046,SKILL_092,Intermediate,55,3,2026-06-28,peer_review,training
ES0438,EMP047,SKILL_097,Beginner,23,3,2026-03-07,certification,work_experience
ES0439,EMP047,SKILL_094,Beginner,25,4,2026-02-08,project_work,training
ES0440,EMP047,SKILL_091,Basic,39,4,2026-02-17,certification,certification
ES0441,EMP047,SKILL_070,Basic,42,3,2026-04-27,manager_assessment,work_experience
ES0442,EMP047,SKILL_043,Basic,43,4,2026-01-17,self_assessment,assessment
ES0443,EMP047,SKILL_153,Basic,37,5,2026-04-09,project_work,certification
ES0444,EMP047,SKILL_095,Basic,38,5,2026-03-27,self_assessment,training
ES0445,EMP047,SKILL_127,Basic,45,3,2026-05-20,manager_assessment,work_experience
ES0446,EMP047,SKILL_093,Beginner,25,4,2026-03-18,project_work,assessment
ES0447,EMP047,SKILL_092,Basic,41,3,2026-02-26,certification,certification
ES0448,EMP047,SKILL_155,Basic,37,2,2026-01-25,manager_assessment,training
ES0449,EMP048,SKILL_094,Basic,37,1,2026-01-06,peer_review,certification
ES0450,EMP048,SKILL_070,Basic,42,3,2026-05-29,certification,assessment
ES0451,EMP048,SKILL_012,Basic,38,3,2026-05-13,self_assessment,training
ES0452,EMP048,SKILL_071,Beginner,29,9,2026-04-15,project_work,certification
ES0453,EMP048,SKILL_095,Basic,36,5,2026-01-10,certification,training
ES0454,EMP048,SKILL_092,Basic,42,4,2026-02-07,project_work,training
ES0455,EMP048,SKILL_093,Basic,35,4,2026-06-24,project_work,project
ES0456,EMP048,SKILL_097,Intermediate,56,1,2026-06-05,peer_review,certification
ES0457,EMP048,SKILL_096,Basic,40,6,2026-04-27,certification,certification
ES0458,EMP049,SKILL_086,Basic,39,1,2026-01-08,project_work,certification
ES0459,EMP049,SKILL_154,Basic,40,1,2026-04-06,certification,work_experience
ES0460,EMP049,SKILL_076,Beginner,23,1,2026-03-04,certification,work_experience
ES0461,EMP049,SKILL_085,Basic,44,1,2026-06-02,peer_review,training
ES0462,EMP049,SKILL_083,Basic,36,1,2026-06-06,project_work,project
ES0463,EMP049,SKILL_018,Basic,45,1,2026-04-12,self_assessment,assessment
ES0464,EMP049,SKILL_144,Beginner,29,1,2026-03-17,peer_review,certification
ES0465,EMP049,SKILL_077,Basic,44,1,2026-03-04,self_assessment,work_experience
ES0466,EMP049,SKILL_019,Basic,39,1,2026-02-26,certification,project
ES0467,EMP049,SKILL_075,Beginner,24,1,2026-02-13,peer_review,work_experience
ES0468,EMP049,SKILL_070,Beginner,21,1,2026-03-16,peer_review,project
ES0469,EMP050,SKILL_075,Advanced,82,1,2026-04-02,certification,project
ES0470,EMP050,SKILL_144,Intermediate,62,1,2026-06-21,manager_assessment,assessment
ES0471,EMP050,SKILL_035,Intermediate,56,1,2026-03-28,manager_assessment,project
ES0472,EMP050,SKILL_076,Advanced,76,1,2026-03-09,peer_review,assessment
ES0473,EMP050,SKILL_077,Advanced,82,1,2026-06-02,peer_review,certification
ES0474,EMP050,SKILL_070,Advanced,82,1,2026-05-22,peer_review,work_experience
ES0475,EMP050,SKILL_086,Intermediate,62,1,2026-04-13,peer_review,project
ES0476,EMP050,SKILL_073,Intermediate,63,1,2026-05-02,self_assessment,project
ES0477,EMP051,SKILL_015,Advanced,77,0,2026-03-25,certification,work_experience
ES0478,EMP051,SKILL_144,Intermediate,55,0,2026-06-22,project_work,training
ES0479,EMP051,SKILL_077,Intermediate,55,0,2026-03-06,certification,certification
ES0480,EMP051,SKILL_073,Advanced,84,0,2026-01-18,project_work,certification
ES0481,EMP051,SKILL_150,Intermediate,59,0,2026-04-21,self_assessment,work_experience
ES0482,EMP051,SKILL_076,Advanced,78,0,2026-03-15,self_assessment,assessment
ES0483,EMP051,SKILL_020,Advanced,77,0,2026-02-24,manager_assessment,training
ES0484,EMP051,SKILL_080,Intermediate,64,0,2026-03-29,self_assessment,assessment
ES0485,EMP051,SKILL_085,Advanced,76,0,2026-01-28,certification,training
ES0486,EMP051,SKILL_075,Intermediate,62,0,2026-05-27,peer_review,work_experience
ES0487,EMP051,SKILL_083,Advanced,76,0,2026-04-09,manager_assessment,training
ES0488,EMP052,SKILL_085,Beginner,29,2,2026-01-22,certification,work_experience
ES0489,EMP052,SKILL_075,Basic,42,1,2026-03-07,self_assessment,certification
ES0490,EMP052,SKILL_009,Beginner,25,2,2026-01-17,peer_review,training
ES0491,EMP052,SKILL_077,Basic,44,1,2026-02-09,peer_review,assessment
ES0492,EMP052,SKILL_086,Basic,37,2,2026-05-26,peer_review,certification
ES0493,EMP052,SKILL_073,Beginner,21,1,2026-05-08,certification,training
ES0494,EMP052,SKILL_070,Basic,44,2,2026-03-31,project_work,assessment
ES0495,EMP052,SKILL_108,Basic,38,1,2026-04-08,manager_assessment,certification
ES0496,EMP052,SKILL_012,Basic,36,2,2026-06-05,manager_assessment,work_experience
ES0497,EMP052,SKILL_076,Basic,44,1,2026-05-25,peer_review,work_experience
ES0498,EMP052,SKILL_133,Beginner,25,1,2026-04-26,self_assessment,training
ES0499,EMP052,SKILL_144,Beginner,21,1,2026-01-18,peer_review,certification
ES0500,EMP053,SKILL_077,Basic,45,1,2026-02-20,manager_assessment,work_experience
ES0501,EMP053,SKILL_117,Intermediate,64,2,2026-01-09,certification,certification
ES0502,EMP053,SKILL_076,Intermediate,62,2,2026-02-19,peer_review,certification
ES0503,EMP053,SKILL_083,Intermediate,65,2,2026-04-15,project_work,assessment
ES0504,EMP053,SKILL_144,Basic,43,1,2026-01-09,project_work,certification
ES0505,EMP053,SKILL_086,Intermediate,63,1,2026-03-15,project_work,training
ES0506,EMP053,SKILL_085,Intermediate,55,2,2026-06-11,peer_review,work_experience
ES0507,EMP053,SKILL_073,Intermediate,65,1,2026-02-20,self_assessment,project
ES0508,EMP053,SKILL_075,Basic,35,2,2026-05-03,project_work,training
ES0509,EMP054,SKILL_073,Advanced,83,1,2026-01-10,project_work,assessment
ES0510,EMP054,SKILL_078,Intermediate,63,2,2026-05-25,self_assessment,training
ES0511,EMP054,SKILL_086,Advanced,77,1,2026-01-03,certification,project
ES0512,EMP054,SKILL_076,Intermediate,64,1,2026-05-16,certification,work_experience
ES0513,EMP054,SKILL_077,Intermediate,59,2,2026-01-09,manager_assessment,work_experience
ES0514,EMP054,SKILL_144,Advanced,76,1,2026-04-04,manager_assessment,project
ES0515,EMP054,SKILL_075,Intermediate,59,1,2026-05-17,certification,work_experience
ES0516,EMP054,SKILL_083,Advanced,82,1,2026-02-10,manager_assessment,work_experience
ES0517,EMP054,SKILL_085,Intermediate,62,2,2026-04-03,self_assessment,assessment
ES0518,EMP055,SKILL_070,Basic,43,1,2026-05-20,peer_review,assessment
ES0519,EMP055,SKILL_044,Intermediate,65,1,2026-03-25,project_work,project
ES0520,EMP055,SKILL_109,Intermediate,56,1,2026-06-07,certification,certification
ES0521,EMP055,SKILL_077,Intermediate,62,1,2026-03-16,self_assessment,project
ES0522,EMP055,SKILL_076,Intermediate,59,1,2026-05-06,manager_assessment,project
ES0523,EMP055,SKILL_144,Basic,37,1,2026-03-21,self_assessment,assessment
ES0524,EMP055,SKILL_114,Advanced,78,1,2026-05-13,self_assessment,assessment
ES0525,EMP055,SKILL_073,Intermediate,64,1,2026-03-22,peer_review,assessment
ES0526,EMP056,SKILL_144,Advanced,83,1,2026-06-16,self_assessment,project
ES0527,EMP056,SKILL_075,Intermediate,61,1,2026-04-22,manager_assessment,assessment
ES0528,EMP056,SKILL_076,Intermediate,62,1,2026-03-02,certification,work_experience
ES0529,EMP056,SKILL_077,Advanced,85,1,2026-01-05,project_work,assessment
ES0530,EMP056,SKILL_086,Intermediate,63,2,2026-03-18,certification,project
ES0531,EMP056,SKILL_073,Intermediate,65,1,2026-06-07,project_work,work_experience
ES0532,EMP056,SKILL_087,Intermediate,64,1,2026-01-18,certification,assessment
ES0533,EMP056,SKILL_085,Intermediate,57,2,2026-02-13,peer_review,certification
ES0534,EMP056,SKILL_083,Expert,97,1,2026-06-10,project_work,certification
ES0535,EMP056,SKILL_070,Intermediate,65,1,2026-02-27,certification,project
ES0536,EMP057,SKILL_076,Intermediate,65,2,2026-06-20,certification,project
ES0537,EMP057,SKILL_133,Intermediate,58,2,2026-04-05,project_work,training
ES0538,EMP057,SKILL_032,Intermediate,64,1,2026-05-08,certification,training
ES0539,EMP057,SKILL_073,Intermediate,58,2,2026-04-15,certification,training
ES0540,EMP057,SKILL_086,Advanced,82,1,2026-01-26,project_work,training
ES0541,EMP057,SKILL_083,Intermediate,64,2,2026-01-01,manager_assessment,certification
ES0542,EMP058,SKILL_047,Intermediate,65,0,2026-04-02,peer_review,certification
ES0543,EMP058,SKILL_077,Intermediate,58,0,2026-04-30,manager_assessment,certification
ES0544,EMP058,SKILL_122,Advanced,83,0,2026-06-30,project_work,project
ES0545,EMP058,SKILL_076,Intermediate,56,0,2026-01-09,manager_assessment,work_experience
ES0546,EMP058,SKILL_144,Intermediate,62,0,2026-05-07,self_assessment,work_experience
ES0547,EMP058,SKILL_070,Intermediate,64,0,2026-05-29,self_assessment,assessment
ES0548,EMP058,SKILL_086,Intermediate,65,0,2026-01-22,self_assessment,work_experience
ES0549,EMP058,SKILL_075,Intermediate,55,0,2026-03-24,project_work,certification
ES0550,EMP058,SKILL_083,Advanced,78,0,2026-02-12,certification,assessment
ES0551,EMP059,SKILL_077,Intermediate,55,10,2026-01-25,manager_assessment,certification
ES0552,EMP059,SKILL_082,Intermediate,62,4,2026-06-04,peer_review,certification
ES0553,EMP059,SKILL_070,Intermediate,57,4,2026-05-24,self_assessment,training
ES0554,EMP059,SKILL_152,Basic,35,8,2026-05-24,peer_review,certification
ES0555,EMP059,SKILL_084,Intermediate,60,4,2026-06-14,manager_assessment,project
ES0556,EMP059,SKILL_085,Basic,43,3,2026-04-14,project_work,certification
ES0557,EMP060,SKILL_085,Beginner,29,9,2026-02-07,certification,work_experience
ES0558,EMP060,SKILL_083,Beginner,27,5,2026-03-16,self_assessment,training
ES0559,EMP060,SKILL_084,Beginner,27,8,2026-05-08,manager_assessment,project
ES0560,EMP060,SKILL_086,Beginner,21,1,2026-03-27,self_assessment,certification
ES0561,EMP060,SKILL_071,Beginner,24,2,2026-01-16,project_work,certification
ES0562,EMP060,SKILL_119,Basic,35,14,2026-05-14,manager_assessment,work_experience
ES0563,EMP060,SKILL_077,Beginner,21,6,2026-01-18,manager_assessment,work_experience
ES0564,EMP060,SKILL_070,Basic,44,4,2026-05-25,peer_review,training
ES0565,EMP060,SKILL_152,Beginner,28,12,2026-04-18,self_assessment,certification
ES0566,EMP060,SKILL_153,Beginner,25,3,2026-01-12,self_assessment,assessment
ES0567,EMP061,SKILL_085,Basic,42,1,2026-04-11,self_assessment,work_experience
ES0568,EMP061,SKILL_086,Intermediate,56,8,2026-03-19,manager_assessment,assessment
ES0569,EMP061,SKILL_083,Intermediate,61,3,2026-04-26,project_work,work_experience
ES0570,EMP061,SKILL_070,Advanced,76,15,2026-02-19,manager_assessment,certification
ES0571,EMP061,SKILL_152,Intermediate,62,6,2026-03-22,certification,training
ES0572,EMP061,SKILL_153,Intermediate,60,14,2026-04-30,project_work,project
ES0573,EMP061,SKILL_077,Basic,37,5,2026-04-07,self_assessment,assessment
ES0574,EMP061,SKILL_071,Intermediate,60,2,2026-06-23,project_work,work_experience
ES0575,EMP061,SKILL_111,Intermediate,62,1,2026-03-08,peer_review,assessment
ES0576,EMP061,SKILL_084,Basic,38,14,2026-06-12,manager_assessment,training
ES0577,EMP061,SKILL_125,Intermediate,59,9,2026-01-02,self_assessment,project
ES0578,EMP062,SKILL_069,Basic,38,2,2026-03-11,self_assessment,project
ES0579,EMP062,SKILL_137,Beginner,28,2,2026-01-12,project_work,work_experience
ES0580,EMP062,SKILL_089,Basic,37,2,2026-02-14,project_work,certification
ES0581,EMP062,SKILL_083,Basic,37,2,2026-05-01,self_assessment,training
ES0582,EMP062,SKILL_155,Beginner,29,2,2026-06-18,peer_review,project
ES0583,EMP062,SKILL_087,Basic,36,1,2026-02-01,self_assessment,assessment
ES0584,EMP062,SKILL_136,Beginner,24,2,2026-02-07,self_assessment,assessment
ES0585,EMP062,SKILL_129,Basic,45,2,2026-02-08,certification,work_experience
ES0586,EMP062,SKILL_090,Beginner,21,1,2026-06-19,self_assessment,training
ES0587,EMP062,SKILL_088,Beginner,28,1,2026-04-10,manager_assessment,work_experience
ES0588,EMP062,SKILL_070,Basic,35,2,2026-03-10,self_assessment,assessment
ES0589,EMP063,SKILL_088,Basic,40,3,2026-03-29,certification,assessment
ES0590,EMP063,SKILL_090,Basic,43,3,2026-06-19,manager_assessment,training
ES0591,EMP063,SKILL_136,Basic,41,4,2026-01-29,manager_assessment,work_experience
ES0592,EMP063,SKILL_087,Intermediate,61,2,2026-06-19,self_assessment,work_experience
ES0593,EMP063,SKILL_070,Beginner,29,2,2026-02-17,self_assessment,training
ES0594,EMP063,SKILL_089,Intermediate,55,3,2026-02-28,self_assessment,assessment
ES0595,EMP064,SKILL_136,Expert,90,2,2026-04-01,self_assessment,training
ES0596,EMP064,SKILL_089,Expert,96,1,2026-03-30,self_assessment,assessment
ES0597,EMP064,SKILL_155,Advanced,78,2,2026-02-18,project_work,training
ES0598,EMP064,SKILL_088,Intermediate,55,5,2026-04-18,project_work,project
ES0599,EMP064,SKILL_090,Expert,100,6,2026-02-06,manager_assessment,work_experience
ES0600,EMP064,SKILL_069,Intermediate,57,5,2026-05-10,manager_assessment,work_experience
ES0601,EMP065,SKILL_066,Beginner,21,4,2026-05-18,project_work,assessment
ES0602,EMP065,SKILL_136,Beginner,30,3,2026-06-03,self_assessment,certification
ES0603,EMP065,SKILL_155,Beginner,26,1,2026-06-21,certification,certification
ES0604,EMP065,SKILL_083,Basic,38,3,2026-05-04,peer_review,assessment
ES0605,EMP065,SKILL_090,Basic,41,1,2026-05-10,certification,certification
ES0606,EMP065,SKILL_087,Beginner,22,4,2026-02-01,peer_review,project
ES0607,EMP066,SKILL_109,Advanced,76,6,2026-06-23,certification,assessment
ES0608,EMP066,SKILL_069,Intermediate,56,4,2026-03-07,project_work,training
ES0609,EMP066,SKILL_155,Intermediate,65,4,2026-01-26,certification,assessment
ES0610,EMP066,SKILL_083,Intermediate,58,2,2026-04-14,manager_assessment,assessment
ES0611,EMP066,SKILL_089,Advanced,85,5,2026-04-23,self_assessment,certification
ES0612,EMP066,SKILL_088,Basic,43,5,2026-06-14,peer_review,project
ES0613,EMP066,SKILL_070,Basic,35,4,2026-04-18,self_assessment,assessment
ES0614,EMP066,SKILL_136,Intermediate,56,4,2026-06-13,self_assessment,assessment
ES0615,EMP066,SKILL_045,Basic,45,2,2026-05-24,peer_review,certification
ES0616,EMP067,SKILL_119,Advanced,76,4,2026-01-11,manager_assessment,training
ES0617,EMP067,SKILL_082,Advanced,85,2,2026-03-31,self_assessment,work_experience
ES0618,EMP067,SKILL_061,Advanced,76,5,2026-01-28,self_assessment,work_experience
ES0619,EMP067,SKILL_149,Intermediate,59,4,2026-03-08,peer_review,work_experience
ES0620,EMP067,SKILL_150,Intermediate,57,4,2026-03-18,manager_assessment,project
ES0621,EMP067,SKILL_049,Intermediate,57,4,2026-03-05,manager_assessment,certification
ES0622,EMP067,SKILL_027,Advanced,80,6,2026-03-19,self_assessment,work_experience
ES0623,EMP067,SKILL_050,Intermediate,61,5,2026-02-15,peer_review,certification
ES0624,EMP067,SKILL_123,Advanced,78,2,2026-03-25,certification,assessment
ES0625,EMP067,SKILL_080,Advanced,76,7,2026-03-19,project_work,project
ES0626,EMP068,SKILL_106,Basic,43,1,2026-05-25,certification,work_experience
ES0627,EMP068,SKILL_082,Advanced,82,1,2026-05-22,peer_review,training
ES0628,EMP068,SKILL_057,Intermediate,60,4,2026-03-06,self_assessment,training
ES0629,EMP068,SKILL_067,Intermediate,64,2,2026-03-12,certification,project
ES0630,EMP068,SKILL_080,Intermediate,65,3,2026-03-14,project_work,work_experience
ES0631,EMP068,SKILL_150,Intermediate,62,4,2026-03-17,certification,assessment
ES0632,EMP068,SKILL_050,Intermediate,60,3,2026-01-29,certification,assessment
ES0633,EMP069,SKILL_149,Intermediate,60,3,2026-06-22,certification,assessment
ES0634,EMP069,SKILL_150,Advanced,80,1,2026-03-28,self_assessment,training
ES0635,EMP069,SKILL_080,Advanced,80,2,2026-02-02,manager_assessment,assessment
ES0636,EMP069,SKILL_045,Advanced,76,1,2026-04-07,certification,project
ES0637,EMP069,SKILL_050,Intermediate,64,1,2026-02-20,peer_review,project
ES0638,EMP069,SKILL_082,Advanced,75,3,2026-05-10,certification,assessment
ES0639,EMP070,SKILL_049,Intermediate,58,2,2026-06-22,peer_review,work_experience
ES0640,EMP070,SKILL_050,Intermediate,61,2,2026-05-03,manager_assessment,assessment
ES0641,EMP070,SKILL_120,Intermediate,57,2,2026-06-05,peer_review,training
ES0642,EMP070,SKILL_149,Basic,43,2,2026-04-07,self_assessment,training
ES0643,EMP070,SKILL_002,Intermediate,65,1,2026-04-24,certification,project
ES0644,EMP070,SKILL_081,Basic,44,1,2026-02-09,certification,project
ES0645,EMP070,SKILL_080,Intermediate,63,1,2026-05-06,certification,training
ES0646,EMP070,SKILL_057,Basic,37,2,2026-05-19,certification,certification
ES0647,EMP070,SKILL_082,Intermediate,59,1,2026-04-29,certification,project
ES0648,EMP070,SKILL_150,Intermediate,55,2,2026-03-19,self_assessment,assessment
ES0649,EMP070,SKILL_027,Intermediate,56,2,2026-06-19,peer_review,training
ES0650,EMP071,SKILL_079,Intermediate,65,3,2026-02-28,project_work,training
ES0651,EMP071,SKILL_081,Basic,44,3,2026-02-07,manager_assessment,project
ES0652,EMP071,SKILL_050,Basic,42,1,2026-05-19,certification,project
ES0653,EMP071,SKILL_049,Intermediate,63,3,2026-05-01,manager_assessment,work_experience
ES0654,EMP071,SKILL_027,Intermediate,57,2,2026-05-11,self_assessment,project
ES0655,EMP071,SKILL_149,Intermediate,61,1,2026-02-07,self_assessment,work_experience
ES0656,EMP071,SKILL_082,Basic,44,3,2026-03-30,manager_assessment,assessment
ES0657,EMP071,SKILL_057,Basic,39,3,2026-05-25,self_assessment,assessment
ES0658,EMP071,SKILL_040,Basic,37,3,2026-03-18,peer_review,assessment
ES0659,EMP071,SKILL_080,Advanced,82,2,2026-05-18,certification,assessment
ES0660,EMP071,SKILL_150,Basic,44,1,2026-06-28,peer_review,project
ES0661,EMP072,SKILL_071,Advanced,80,5,2026-02-25,certification,assessment
ES0662,EMP072,SKILL_103,Advanced,79,12,2026-01-16,peer_review,certification
ES0663,EMP072,SKILL_098,Advanced,83,11,2026-02-12,certification,assessment
ES0664,EMP072,SKILL_102,Expert,94,5,2026-06-07,project_work,certification
ES0665,EMP072,SKILL_067,Advanced,75,10,2026-01-04,self_assessment,assessment
ES0666,EMP072,SKILL_050,Expert,95,4,2026-05-31,self_assessment,assessment
ES0667,EMP072,SKILL_152,Advanced,77,2,2026-03-03,certification,training
ES0668,EMP072,SKILL_099,Intermediate,56,9,2026-04-21,peer_review,work_experience
ES0669,EMP072,SKILL_101,Expert,97,2,2026-05-20,self_assessment,training
ES0670,EMP073,SKILL_067,Intermediate,56,3,2026-04-14,self_assessment,project
ES0671,EMP073,SKILL_101,Intermediate,55,2,2026-01-13,manager_assessment,assessment
ES0672,EMP073,SKILL_118,Intermediate,56,7,2026-04-01,peer_review,training
ES0673,EMP073,SKILL_146,Advanced,83,8,2026-01-09,peer_review,assessment
ES0674,EMP073,SKILL_103,Intermediate,64,4,2026-05-15,project_work,work_experience
ES0675,EMP073,SKILL_071,Advanced,85,5,2026-04-24,manager_assessment,work_experience
ES0676,EMP073,SKILL_102,Advanced,82,8,2026-03-11,peer_review,assessment
ES0677,EMP073,SKILL_152,Intermediate,60,10,2026-05-09,peer_review,work_experience
ES0678,EMP073,SKILL_098,Intermediate,61,1,2026-04-17,self_assessment,project
ES0679,EMP073,SKILL_075,Intermediate,63,10,2026-05-03,project_work,work_experience
ES0680,EMP074,SKILL_103,Intermediate,57,1,2026-04-12,self_assessment,certification
ES0681,EMP074,SKILL_055,Advanced,83,8,2026-01-31,project_work,certification
ES0682,EMP074,SKILL_052,Basic,45,6,2026-03-17,self_assessment,work_experience
ES0683,EMP074,SKILL_128,Intermediate,58,4,2026-05-23,self_assessment,certification
ES0684,EMP074,SKILL_098,Intermediate,55,2,2026-01-19,peer_review,assessment
ES0685,EMP074,SKILL_071,Advanced,77,9,2026-04-19,project_work,work_experience
ES0686,EMP075,SKILL_012,Intermediate,62,1,2026-01-19,certification,project
ES0687,EMP075,SKILL_070,Intermediate,57,1,2026-03-25,certification,certification
ES0688,EMP075,SKILL_147,Advanced,75,1,2026-06-20,certification,training
ES0689,EMP075,SKILL_146,Intermediate,58,1,2026-05-11,certification,assessment
ES0690,EMP075,SKILL_103,Advanced,83,1,2026-05-21,manager_assessment,training
ES0691,EMP075,SKILL_144,Basic,42,1,2026-02-14,certification,assessment
ES0692,EMP075,SKILL_148,Intermediate,64,1,2026-01-23,self_assessment,project
ES0693,EMP076,SKILL_073,Advanced,77,1,2026-02-09,project_work,assessment
ES0694,EMP076,SKILL_126,Basic,45,1,2026-01-05,self_assessment,training
ES0695,EMP076,SKILL_070,Basic,42,1,2026-05-28,self_assessment,work_experience
ES0696,EMP076,SKILL_146,Basic,36,2,2026-03-30,manager_assessment,project
ES0697,EMP076,SKILL_148,Basic,44,2,2026-02-26,project_work,certification
ES0698,EMP076,SKILL_033,Intermediate,59,2,2026-04-22,project_work,training
ES0699,EMP076,SKILL_089,Intermediate,62,1,2026-02-05,peer_review,project
ES0700,EMP076,SKILL_085,Intermediate,65,2,2026-05-01,self_assessment,certification
ES0701,EMP076,SKILL_144,Intermediate,65,1,2026-01-08,peer_review,project
ES0702,EMP076,SKILL_145,Intermediate,55,2,2026-04-29,certification,project
ES0703,EMP076,SKILL_147,Basic,38,1,2026-01-08,manager_assessment,project
ES0704,EMP077,SKILL_147,Expert,95,0,2026-04-26,self_assessment,assessment
ES0705,EMP077,SKILL_073,Expert,98,0,2026-01-25,manager_assessment,project
ES0706,EMP077,SKILL_145,Advanced,79,0,2026-03-29,project_work,certification
ES0707,EMP077,SKILL_070,Expert,92,0,2026-02-11,self_assessment,assessment
ES0708,EMP077,SKILL_146,Expert,94,0,2026-03-23,manager_assessment,certification
ES0709,EMP077,SKILL_144,Advanced,78,0,2026-01-25,project_work,certification
ES0710,EMP077,SKILL_094,Expert,100,0,2026-02-08,peer_review,work_experience
ES0711,EMP077,SKILL_148,Expert,91,0,2026-04-20,manager_assessment,project
ES0712,EMP077,SKILL_085,Advanced,75,0,2026-06-22,project_work,assessment
ES0713,EMP078,SKILL_146,Basic,40,0,2026-02-05,certification,project
ES0714,EMP078,SKILL_073,Intermediate,61,0,2026-05-19,self_assessment,training
ES0715,EMP078,SKILL_070,Intermediate,60,0,2026-03-17,self_assessment,work_experience
ES0716,EMP078,SKILL_085,Intermediate,58,0,2026-03-12,certification,project
ES0717,EMP078,SKILL_039,Intermediate,55,0,2026-03-28,project_work,project
ES0718,EMP078,SKILL_145,Basic,45,0,2026-01-22,certification,project
ES0719,EMP079,SKILL_121,Intermediate,58,2,2026-05-02,certification,certification
ES0720,EMP079,SKILL_147,Intermediate,61,2,2026-04-07,certification,project
ES0721,EMP079,SKILL_144,Intermediate,55,2,2026-03-11,manager_assessment,training
ES0722,EMP079,SKILL_073,Intermediate,58,2,2026-01-14,certification,training
ES0723,EMP079,SKILL_146,Advanced,83,1,2026-05-19,manager_assessment,certification
ES0724,EMP079,SKILL_070,Intermediate,60,2,2026-04-12,manager_assessment,assessment
ES0725,EMP080,SKILL_144,Beginner,24,0,2026-01-18,certification,training
ES0726,EMP080,SKILL_091,Basic,36,0,2026-02-21,manager_assessment,certification
ES0727,EMP080,SKILL_073,Beginner,29,0,2026-06-23,project_work,certification
ES0728,EMP080,SKILL_070,Basic,41,0,2026-05-29,certification,training
ES0729,EMP080,SKILL_017,Beginner,21,0,2026-06-13,project_work,project
ES0730,EMP080,SKILL_043,Beginner,23,0,2026-05-16,manager_assessment,assessment
ES0731,EMP080,SKILL_147,Basic,39,0,2026-01-20,self_assessment,training
ES0732,EMP080,SKILL_085,Beginner,25,0,2026-04-24,certification,project
ES0733,EMP081,SKILL_147,Basic,43,1,2026-05-22,peer_review,training
ES0734,EMP081,SKILL_073,Beginner,26,1,2026-01-02,peer_review,project
ES0735,EMP081,SKILL_072,Beginner,25,1,2026-03-05,peer_review,assessment
ES0736,EMP081,SKILL_085,Beginner,26,1,2026-06-14,self_assessment,project
ES0737,EMP081,SKILL_144,Basic,42,1,2026-02-06,peer_review,certification
ES0738,EMP081,SKILL_070,Basic,42,1,2026-04-17,project_work,project
ES0739,EMP081,SKILL_146,Basic,36,1,2026-01-12,peer_review,training
ES0740,EMP081,SKILL_003,Basic,37,1,2026-02-26,manager_assessment,assessment
ES0741,EMP081,SKILL_145,Beginner,26,1,2026-05-09,manager_assessment,work_experience
ES0742,EMP081,SKILL_037,Basic,37,1,2026-03-08,self_assessment,certification
ES0743,EMP081,SKILL_148,Basic,39,1,2026-03-07,manager_assessment,work_experience
ES0744,EMP082,SKILL_144,Basic,43,1,2026-04-30,peer_review,certification
ES0745,EMP082,SKILL_073,Intermediate,60,2,2026-03-26,manager_assessment,assessment
ES0746,EMP082,SKILL_148,Basic,45,2,2026-03-26,self_assessment,certification
ES0747,EMP082,SKILL_146,Basic,42,2,2026-04-13,manager_assessment,assessment
ES0748,EMP082,SKILL_070,Basic,35,2,2026-06-11,manager_assessment,training
ES0749,EMP082,SKILL_151,Basic,42,1,2026-05-25,peer_review,certification
ES0750,EMP082,SKILL_124,Basic,35,1,2026-04-28,project_work,training
ES0751,EMP082,SKILL_054,Basic,44,2,2026-04-08,manager_assessment,training
ES0752,EMP082,SKILL_085,Basic,37,2,2026-04-07,self_assessment,project
ES0753,EMP082,SKILL_145,Basic,40,2,2026-01-09,project_work,project
ES0754,EMP083,SKILL_069,Basic,38,6,2026-01-17,certification,project
ES0755,EMP083,SKILL_073,Basic,43,4,2026-02-13,self_assessment,assessment
ES0756,EMP083,SKILL_131,Basic,44,3,2026-01-30,manager_assessment,training
ES0757,EMP083,SKILL_063,Beginner,22,2,2026-05-28,certification,project
ES0758,EMP083,SKILL_039,Basic,44,3,2026-06-13,self_assessment,assessment
ES0759,EMP083,SKILL_004,Beginner,22,6,2026-02-09,project_work,training
ES0760,EMP083,SKILL_070,Basic,42,4,2026-06-13,manager_assessment,assessment
ES0761,EMP083,SKILL_137,Basic,42,7,2026-02-17,certification,certification
ES0762,EMP083,SKILL_083,Basic,44,9,2026-03-01,certification,assessment
ES0763,EMP083,SKILL_108,Beginner,30,4,2026-06-14,project_work,project
ES0764,EMP083,SKILL_049,Basic,40,5,2026-04-14,peer_review,certification
ES0765,EMP084,SKILL_077,Basic,39,6,2026-02-16,certification,certification
ES0766,EMP084,SKILL_070,Intermediate,57,10,2026-06-12,manager_assessment,certification
ES0767,EMP084,SKILL_137,Basic,41,10,2026-03-30,project_work,work_experience
ES0768,EMP084,SKILL_076,Basic,36,10,2026-06-13,certification,training
ES0769,EMP084,SKILL_083,Basic,38,10,2026-05-14,manager_assessment,training
ES0770,EMP084,SKILL_069,Basic,43,11,2026-01-22,self_assessment,work_experience
ES0771,EMP084,SKILL_049,Basic,35,3,2026-02-12,certification,project
ES0772,EMP084,SKILL_108,Basic,38,8,2026-04-17,certification,work_experience
ES0773,EMP084,SKILL_148,Intermediate,58,11,2026-02-25,manager_assessment,training
ES0774,EMP084,SKILL_073,Intermediate,57,5,2026-01-12,self_assessment,work_experience
ES0775,EMP084,SKILL_152,Basic,45,5,2026-06-05,self_assessment,training
ES0776,EMP084,SKILL_063,Intermediate,59,12,2026-02-16,certification,assessment
ES0777,EMP085,SKILL_070,Advanced,75,4,2026-02-24,manager_assessment,project
ES0778,EMP085,SKILL_063,Intermediate,63,4,2026-03-11,self_assessment,assessment
ES0779,EMP085,SKILL_108,Intermediate,56,5,2026-04-08,certification,project
ES0780,EMP085,SKILL_152,Advanced,81,3,2026-05-08,project_work,project
ES0781,EMP085,SKILL_137,Intermediate,56,3,2026-03-11,certification,certification
ES0782,EMP085,SKILL_083,Advanced,82,5,2026-01-10,project_work,certification
ES0783,EMP085,SKILL_076,Advanced,78,4,2026-05-17,project_work,work_experience
ES0784,EMP085,SKILL_073,Intermediate,62,2,2026-01-06,project_work,assessment
ES0785,EMP085,SKILL_049,Advanced,80,2,2026-03-02,self_assessment,work_experience
ES0786,EMP086,SKILL_049,Basic,40,8,2026-04-23,manager_assessment,assessment
ES0787,EMP086,SKILL_073,Basic,42,5,2026-02-16,certification,assessment
ES0788,EMP086,SKILL_152,Intermediate,55,6,2026-05-02,peer_review,assessment
ES0789,EMP086,SKILL_083,Beginner,20,12,2026-06-29,project_work,assessment
ES0790,EMP086,SKILL_076,Intermediate,58,6,2026-05-30,certification,project
ES0791,EMP086,SKILL_137,Basic,36,12,2026-06-26,self_assessment,certification
ES0792,EMP086,SKILL_069,Intermediate,62,3,2026-04-20,peer_review,training
ES0793,EMP087,SKILL_136,Intermediate,62,2,2026-06-29,peer_review,training
ES0794,EMP087,SKILL_155,Intermediate,59,4,2026-01-10,project_work,assessment
ES0795,EMP087,SKILL_050,Intermediate,57,2,2026-03-19,certification,project
ES0796,EMP087,SKILL_086,Basic,38,2,2026-02-01,self_assessment,project
ES0797,EMP087,SKILL_027,Intermediate,56,2,2026-01-28,self_assessment,training
ES0798,EMP087,SKILL_052,Intermediate,62,1,2026-01-21,certification,work_experience
ES0799,EMP087,SKILL_014,Basic,36,2,2026-05-12,certification,certification
ES0800,EMP087,SKILL_001,Intermediate,57,4,2026-04-13,certification,assessment
ES0801,EMP088,SKILL_053,Intermediate,61,3,2026-06-01,project_work,training
ES0802,EMP088,SKILL_052,Advanced,77,1,2026-06-17,peer_review,certification
ES0803,EMP088,SKILL_050,Intermediate,64,3,2026-03-07,manager_assessment,project
ES0804,EMP088,SKILL_137,Intermediate,58,3,2026-02-23,certification,project
ES0805,EMP088,SKILL_054,Intermediate,61,3,2026-03-18,self_assessment,certification
ES0806,EMP088,SKILL_055,Intermediate,55,4,2026-03-28,self_assessment,work_experience
ES0807,EMP088,SKILL_153,Advanced,77,1,2026-04-02,self_assessment,certification
ES0808,EMP088,SKILL_049,Advanced,84,1,2026-01-25,peer_review,project
ES0809,EMP088,SKILL_026,Advanced,77,1,2026-06-10,peer_review,work_experience
ES0810,EMP089,SKILL_001,Intermediate,62,5,2026-04-20,self_assessment,project
ES0811,EMP089,SKILL_049,Intermediate,61,4,2026-01-06,certification,certification
ES0812,EMP089,SKILL_052,Intermediate,61,3,2026-06-12,manager_assessment,certification
ES0813,EMP089,SKILL_129,Intermediate,63,3,2026-01-29,certification,work_experience
ES0814,EMP089,SKILL_054,Basic,35,1,2026-05-10,certification,training
ES0815,EMP089,SKILL_053,Basic,39,5,2026-02-23,peer_review,certification
ES0816,EMP089,SKILL_135,Basic,39,7,2026-05-28,self_assessment,assessment
ES0817,EMP090,SKILL_047,Basic,43,4,2026-03-16,self_assessment,training
ES0818,EMP090,SKILL_009,Basic,40,1,2026-01-07,manager_assessment,project
ES0819,EMP090,SKILL_035,Beginner,22,2,2026-03-07,manager_assessment,assessment
ES0820,EMP090,SKILL_049,Intermediate,55,2,2026-04-05,manager_assessment,work_experience
ES0821,EMP090,SKILL_050,Basic,36,4,2026-04-14,certification,work_experience
ES0822,EMP090,SKILL_045,Basic,44,4,2026-02-25,project_work,training
ES0823,EMP091,SKILL_050,Intermediate,62,5,2026-01-13,project_work,project
ES0824,EMP091,SKILL_045,Intermediate,60,4,2026-05-07,certification,work_experience
ES0825,EMP091,SKILL_047,Advanced,81,2,2026-05-15,peer_review,assessment
ES0826,EMP091,SKILL_137,Advanced,80,5,2026-01-27,self_assessment,project
ES0827,EMP091,SKILL_052,Intermediate,58,1,2026-02-18,self_assessment,assessment
ES0828,EMP091,SKILL_041,Intermediate,55,2,2026-05-17,peer_review,project
ES0829,EMP091,SKILL_049,Intermediate,57,1,2026-01-02,certification,certification
ES0830,EMP091,SKILL_014,Advanced,84,3,2026-05-30,self_assessment,assessment
ES0831,EMP091,SKILL_051,Intermediate,59,1,2026-03-27,project_work,work_experience
ES0832,EMP091,SKILL_046,Advanced,83,5,2026-02-26,self_assessment,training
ES0833,EMP092,SKILL_053,Advanced,77,1,2026-03-08,project_work,training
ES0834,EMP092,SKILL_052,Advanced,84,2,2026-01-28,project_work,work_experience
ES0835,EMP092,SKILL_049,Intermediate,64,1,2026-01-04,certification,work_experience
ES0836,EMP092,SKILL_135,Advanced,83,2,2026-05-06,self_assessment,project
ES0837,EMP092,SKILL_055,Advanced,81,2,2026-02-06,peer_review,training
ES0838,EMP092,SKILL_150,Intermediate,59,1,2026-06-01,peer_review,work_experience
ES0839,EMP092,SKILL_155,Intermediate,55,1,2026-01-14,project_work,assessment
ES0840,EMP092,SKILL_027,Advanced,84,1,2026-03-18,project_work,work_experience
ES0841,EMP092,SKILL_046,Advanced,76,2,2026-06-06,manager_assessment,project
ES0842,EMP093,SKILL_114,Expert,99,4,2026-04-13,certification,project
ES0843,EMP093,SKILL_039,Expert,97,2,2026-03-03,self_assessment,training
ES0844,EMP093,SKILL_033,Expert,97,3,2026-02-08,peer_review,certification
ES0845,EMP093,SKILL_044,Advanced,85,4,2026-02-01,peer_review,assessment
ES0846,EMP093,SKILL_058,Expert,98,4,2026-05-18,self_assessment,work_experience
ES0847,EMP093,SKILL_111,Expert,98,2,2026-06-30,self_assessment,training
ES0848,EMP093,SKILL_097,Advanced,79,1,2026-01-14,self_assessment,work_experience
ES0849,EMP094,SKILL_039,Expert,95,1,2026-01-03,self_assessment,training
ES0850,EMP094,SKILL_111,Expert,91,3,2026-04-19,peer_review,assessment
ES0851,EMP094,SKILL_058,Advanced,76,4,2026-04-13,self_assessment,assessment
ES0852,EMP094,SKILL_112,Advanced,77,2,2026-01-30,project_work,project
ES0853,EMP094,SKILL_044,Advanced,75,3,2026-04-15,manager_assessment,certification
ES0854,EMP094,SKILL_051,Advanced,80,5,2026-06-09,certification,training
ES0855,EMP094,SKILL_110,Advanced,82,1,2026-04-08,project_work,training
ES0856,EMP095,SKILL_058,Advanced,83,2,2026-06-05,manager_assessment,training
ES0857,EMP095,SKILL_037,Advanced,84,2,2026-02-08,certification,training
ES0858,EMP095,SKILL_110,Advanced,81,1,2026-02-26,manager_assessment,training
ES0859,EMP095,SKILL_052,Intermediate,56,2,2026-01-04,self_assessment,work_experience
ES0860,EMP095,SKILL_044,Advanced,84,2,2026-05-19,manager_assessment,certification
ES0861,EMP095,SKILL_112,Advanced,78,1,2026-05-15,manager_assessment,training
ES0862,EMP096,SKILL_111,Intermediate,59,5,2026-03-18,self_assessment,assessment
ES0863,EMP096,SKILL_093,Basic,43,3,2026-05-31,peer_review,project
ES0864,EMP096,SKILL_044,Basic,37,4,2026-01-24,manager_assessment,work_experience
ES0865,EMP096,SKILL_109,Intermediate,63,1,2026-02-15,peer_review,training
ES0866,EMP096,SKILL_113,Intermediate,56,4,2026-06-17,manager_assessment,training
ES0867,EMP096,SKILL_110,Beginner,25,2,2026-03-05,peer_review,certification
ES0868,EMP096,SKILL_114,Basic,42,5,2026-02-15,self_assessment,assessment
ES0869,EMP097,SKILL_058,Advanced,84,5,2026-02-27,project_work,project
ES0870,EMP097,SKILL_024,Advanced,77,5,2026-04-15,project_work,work_experience
ES0871,EMP097,SKILL_062,Advanced,75,6,2026-04-26,peer_review,training
ES0872,EMP097,SKILL_109,Intermediate,60,3,2026-05-03,peer_review,assessment
ES0873,EMP097,SKILL_059,Advanced,79,4,2026-06-07,peer_review,assessment
ES0874,EMP097,SKILL_043,Expert,93,5,2026-06-07,project_work,work_experience
ES0875,EMP097,SKILL_115,Expert,99,4,2026-03-20,self_assessment,certification
ES0876,EMP097,SKILL_150,Expert,93,5,2026-03-25,project_work,assessment
ES0877,EMP097,SKILL_111,Expert,94,5,2026-01-07,self_assessment,certification
ES0878,EMP097,SKILL_001,Expert,99,5,2026-01-19,manager_assessment,training
ES0879,EMP097,SKILL_060,Advanced,80,2,2026-04-21,peer_review,certification
ES0880,EMP098,SKILL_062,Basic,44,3,2026-03-14,certification,training
ES0881,EMP098,SKILL_150,Basic,42,4,2026-01-11,manager_assessment,project
ES0882,EMP098,SKILL_009,Basic,37,2,2026-02-05,peer_review,work_experience
ES0883,EMP098,SKILL_001,Beginner,27,4,2026-03-14,certification,training
ES0884,EMP098,SKILL_058,Basic,41,3,2026-04-30,project_work,certification
ES0885,EMP098,SKILL_061,Beginner,24,1,2026-04-20,manager_assessment,assessment
ES0886,EMP098,SKILL_059,Basic,35,3,2026-06-18,peer_review,assessment
ES0887,EMP098,SKILL_095,Basic,36,4,2026-03-25,project_work,work_experience
ES0888,EMP098,SKILL_111,Beginner,27,3,2026-03-11,manager_assessment,work_experience
ES0889,EMP098,SKILL_060,Basic,42,4,2026-05-03,manager_assessment,project
ES0890,EMP099,SKILL_062,Advanced,78,1,2026-01-20,self_assessment,training
ES0891,EMP099,SKILL_059,Advanced,77,5,2026-06-14,project_work,project
ES0892,EMP099,SKILL_111,Intermediate,61,5,2026-02-13,manager_assessment,training
ES0893,EMP099,SKILL_001,Advanced,75,3,2026-01-29,manager_assessment,training
ES0894,EMP099,SKILL_109,Intermediate,61,3,2026-04-11,project_work,work_experience
ES0895,EMP099,SKILL_061,Advanced,76,1,2026-06-16,peer_review,certification
ES0896,EMP100,SKILL_150,Intermediate,62,4,2026-05-31,peer_review,training
ES0897,EMP100,SKILL_061,Intermediate,55,3,2026-06-16,certification,certification
ES0898,EMP100,SKILL_001,Basic,38,4,2026-02-22,manager_assessment,assessment
ES0899,EMP100,SKILL_062,Basic,37,2,2026-05-24,certification,work_experience
ES0900,EMP100,SKILL_109,Basic,41,1,2026-04-04,self_assessment,work_experience
ES0901,EMP100,SKILL_116,Basic,38,3,2026-06-17,peer_review,project
ES0902,EMP100,SKILL_111,Basic,45,2,2026-02-10,manager_assessment,certification
ES0903,EMP100,SKILL_106,Intermediate,57,3,2026-05-25,project_work,certification
ES0904,EMP100,SKILL_059,Intermediate,59,4,2026-06-23,certification,certification
ES0905,EMP100,SKILL_058,Basic,44,1,2026-06-12,peer_review,assessment
ES0906,EMP100,SKILL_060,Basic,43,4,2026-01-22,manager_assessment,certification
ES0907,EMP100,SKILL_052,Basic,39,2,2026-05-16,certification,assessment
