quality_record_id,employee_id,task_id,project_id,period,total_items,defects,critical_defects,minor_defects,rework_count,quality_rating,reviewer_id
QR0001,EMP001,TASK00001,PRJ014,2026-03,6,0,0,0,1,88.0,EMP034
QR0002,EMP001,TASK00003,PRJ014,2026-05,9,0,0,0,2,92.8,EMP034
QR0003,EMP001,TASK00004,PRJ001,2026-04,11,2,0,2,2,74.7,EMP034
QR0004,EMP001,TASK00008,PRJ014,2026-01,8,2,0,2,1,77.7,EMP034
QR0005,EMP001,TASK00012,PRJ012,2026-06,3,0,0,0,0,83.3,EMP034
QR0006,EMP001,TASK00021,PRJ014,2026-02,8,0,0,0,1,85.4,EMP034
QR0007,EMP002,TASK00057,PRJ001,2026-03,7,1,0,1,0,81.7,EMP035
QR0008,EMP002,TASK00059,PRJ001,2026-01,6,0,0,0,1,65.5,EMP035
QR0009,EMP002,TASK00060,PRJ001,2026-06,6,2,0,2,0,64.4,EMP035
QR0010,EMP002,TASK00061,PRJ001,2026-04,7,1,0,1,1,81.2,EMP035
QR0011,EMP002,TASK00062,PRJ001,2026-05,7,0,0,0,0,79.0,EMP035
QR0012,EMP002,TASK00063,PRJ001,2026-02,9,1,0,1,2,74.5,EMP035
QR0013,EMP003,TASK00116,PRJ029,2026-05,9,1,0,1,0,90.7,EMP033
QR0014,EMP003,TASK00117,PRJ029,2026-03,8,0,0,0,0,86.7,EMP033
QR0015,EMP003,TASK00119,PRJ025,2026-06,6,1,0,1,2,78.6,EMP033
QR0016,EMP003,TASK00123,PRJ025,2026-02,7,0,0,0,0,75.0,EMP033
QR0017,EMP003,TASK00129,PRJ025,2026-01,5,0,0,0,1,86.4,EMP033
QR0018,EMP003,TASK00130,PRJ025,2026-04,5,0,0,0,1,92.5,EMP033
QR0019,EMP004,TASK00165,PRJ025,2026-04,9,0,0,0,1,87.5,EMP034
QR0020,EMP004,TASK00166,PRJ002,2026-05,7,1,0,1,0,72.9,EMP034
QR0021,EMP004,TASK00167,PRJ004,2026-01,11,1,0,1,0,80.7,EMP034
QR0022,EMP004,TASK00169,PRJ025,2026-03,4,0,0,0,0,84.7,EMP034
QR0023,EMP004,TASK00172,PRJ002,2026-02,8,0,0,0,1,81.0,EMP034
QR0024,EMP004,TASK00178,PRJ002,2026-06,10,0,0,0,0,93.2,EMP034
QR0025,EMP005,TASK00218,PRJ004,2026-06,8,3,0,3,1,59.9,EMP032
QR0026,EMP005,TASK00220,PRJ004,2026-02,8,2,0,2,4,45.9,EMP032
QR0027,EMP005,TASK00226,PRJ004,2026-01,3,1,0,1,0,72.1,EMP032
QR0028,EMP005,TASK00227,PRJ002,2026-04,4,1,0,1,2,55.6,EMP032
QR0029,EMP005,TASK00229,PRJ002,2026-03,4,2,0,2,1,46.1,EMP032
QR0030,EMP005,TASK00232,PRJ014,2026-05,5,2,0,2,0,62.8,EMP032
QR0031,EMP006,TASK00272,PRJ025,2026-01,5,1,0,1,1,64.2,EMP034
QR0032,EMP006,TASK00273,PRJ025,2026-02,10,2,0,2,1,75.5,EMP034
QR0033,EMP006,TASK00274,PRJ020,2026-04,9,1,0,1,1,79.5,EMP034
QR0034,EMP006,TASK00276,PRJ020,2026-06,4,1,0,1,0,68.0,EMP034
QR0035,EMP006,TASK00279,PRJ025,2026-03,8,1,0,1,3,72.2,EMP034
QR0036,EMP006,TASK00281,PRJ020,2026-05,7,1,0,1,2,64.4,EMP034
QR0037,EMP007,TASK00331,PRJ012,2026-04,11,2,0,2,2,70.2,EMP033
QR0038,EMP007,TASK00332,PRJ012,2026-03,10,1,0,1,1,93.3,EMP033
QR0039,EMP007,TASK00333,PRJ012,2026-01,7,0,0,0,0,84.1,EMP033
QR0040,EMP007,TASK00334,PRJ012,2026-02,7,1,0,1,2,79.8,EMP033
QR0041,EMP007,TASK00335,PRJ012,2026-06,8,0,0,0,1,93.0,EMP033
QR0042,EMP007,TASK00336,PRJ012,2026-05,11,3,0,3,0,75.0,EMP033
QR0043,EMP008,TASK00393,PRJ002,2026-04,8,1,0,1,0,77.7,EMP035
QR0044,EMP008,TASK00394,PRJ002,2026-02,9,1,0,1,1,76.8,EMP035
QR0045,EMP008,TASK00395,PRJ002,2026-06,5,0,0,0,0,71.1,EMP035
QR0046,EMP008,TASK00396,PRJ002,2026-01,15,2,0,2,0,76.5,EMP035
QR0047,EMP008,TASK00400,PRJ002,2026-03,7,0,0,0,2,91.8,EMP035
QR0048,EMP008,TASK00401,PRJ002,2026-05,7,1,0,1,0,88.7,EMP035
QR0049,EMP009,TASK00456,PRJ020,2026-06,7,0,0,0,0,87.8,EMP032
QR0050,EMP009,TASK00457,PRJ020,2026-05,6,1,0,1,0,76.7,EMP032
QR0051,EMP009,TASK00458,PRJ002,2026-03,6,0,0,0,1,92.6,EMP032
QR0052,EMP009,TASK00459,PRJ012,2026-01,7,1,0,1,1,89.5,EMP032
QR0053,EMP009,TASK00460,PRJ012,2026-04,9,1,0,1,0,82.5,EMP032
QR0054,EMP009,TASK00477,PRJ012,2026-02,3,0,0,0,0,87.2,EMP032
QR0055,EMP010,TASK00500,PRJ025,2026-04,14,0,0,0,1,84.9,EMP034
QR0056,EMP010,TASK00501,PRJ004,2026-02,12,2,0,2,1,81.1,EMP034
QR0057,EMP010,TASK00502,PRJ004,2026-03,8,0,0,0,1,89.7,EMP034
QR0058,EMP010,TASK00505,PRJ012,2026-05,6,0,0,0,2,81.1,EMP034
QR0059,EMP010,TASK00507,PRJ012,2026-01,11,1,0,1,1,76.0,EMP034
QR0060,EMP011,TASK00561,PRJ025,2026-06,8,1,0,1,1,75.1,EMP035
QR0061,EMP011,TASK00562,PRJ025,2026-01,6,2,0,2,1,65.4,EMP035
QR0062,EMP011,TASK00563,PRJ025,2026-05,7,2,0,2,2,66.7,EMP035
QR0063,EMP011,TASK00564,PRJ025,2026-03,5,1,0,1,0,81.4,EMP035
QR0064,EMP011,TASK00565,PRJ025,2026-04,9,3,0,3,1,66.0,EMP035
QR0065,EMP011,TASK00570,PRJ025,2026-02,7,1,0,1,0,68.8,EMP035
QR0066,EMP012,TASK00612,PRJ001,2026-05,7,2,0,2,0,69.5,EMP033
QR0067,EMP012,TASK00613,PRJ001,2026-01,6,1,0,1,0,83.6,EMP033
QR0068,EMP012,TASK00614,PRJ001,2026-02,4,0,0,0,0,82.2,EMP033
QR0069,EMP012,TASK00615,PRJ001,2026-04,9,1,0,1,2,78.1,EMP033
QR0070,EMP012,TASK00616,PRJ001,2026-03,7,0,0,0,0,88.2,EMP033
QR0071,EMP012,TASK00617,PRJ001,2026-06,5,0,0,0,0,83.2,EMP033
QR0072,EMP013,TASK00661,PRJ029,2026-06,8,2,0,2,2,78.4,EMP033
QR0073,EMP013,TASK00666,PRJ029,2026-01,5,1,0,1,0,78.6,EMP033
QR0074,EMP013,TASK00667,PRJ029,2026-03,5,1,0,1,0,80.5,EMP033
QR0075,EMP013,TASK00669,PRJ029,2026-02,12,2,0,2,1,75.3,EMP033
QR0076,EMP013,TASK00671,PRJ029,2026-04,7,0,0,0,0,77.4,EMP033
QR0077,EMP014,TASK00706,PRJ020,2026-02,4,1,0,1,2,43.2,EMP032
QR0078,EMP014,TASK00707,PRJ020,2026-03,6,3,0,3,0,59.5,EMP032
QR0079,EMP014,TASK00708,PRJ001,2026-04,5,1,0,1,1,54.0,EMP032
QR0080,EMP014,TASK00720,PRJ004,2026-06,3,0,0,0,1,52.1,EMP032
QR0081,EMP015,TASK00756,PRJ004,2026-02,8,0,0,0,0,91.8,EMP032
QR0082,EMP015,TASK00758,PRJ004,2026-03,11,0,0,0,2,88.7,EMP032
QR0083,EMP015,TASK00759,PRJ004,2026-06,5,0,0,0,0,91.8,EMP032
QR0084,EMP015,TASK00760,PRJ004,2026-01,10,0,0,0,0,89.3,EMP032
QR0085,EMP015,TASK00771,PRJ004,2026-05,10,1,0,1,0,90.4,EMP032
QR0086,EMP015,TASK00776,PRJ004,2026-04,7,0,0,0,0,86.8,EMP032
QR0087,EMP016,TASK00815,PRJ012,2026-05,5,0,0,0,0,83.5,EMP034
QR0088,EMP016,TASK00816,PRJ029,2026-01,12,1,0,1,1,91.2,EMP034
QR0089,EMP016,TASK00817,PRJ029,2026-02,10,0,0,0,1,89.1,EMP034
QR0090,EMP016,TASK00821,PRJ029,2026-03,6,0,0,0,0,82.4,EMP034
QR0091,EMP016,TASK00831,PRJ029,2026-04,6,1,0,1,0,80.0,EMP034
QR0092,EMP016,TASK00837,PRJ012,2026-06,6,2,0,2,1,70.5,EMP034
QR0093,EMP017,TASK00864,PRJ002,2026-03,11,1,0,1,0,82.9,EMP035
QR0094,EMP017,TASK00866,PRJ004,2026-02,8,2,0,2,1,83.9,EMP035
QR0095,EMP017,TASK00867,PRJ002,2026-04,11,1,0,1,1,77.6,EMP035
QR0096,EMP017,TASK00871,PRJ002,2026-01,5,0,0,0,2,88.1,EMP035
QR0097,EMP017,TASK00872,PRJ002,2026-05,8,0,0,0,2,89.7,EMP035
QR0098,EMP017,TASK00877,PRJ002,2026-06,4,0,0,0,0,85.7,EMP035
QR0099,EMP018,TASK00915,PRJ029,2026-06,7,2,0,2,0,69.8,EMP035
QR0100,EMP018,TASK00916,PRJ029,2026-02,6,2,0,2,1,74.2,EMP035
QR0101,EMP018,TASK00921,PRJ029,2026-04,8,2,0,2,2,71.9,EMP035
QR0102,EMP018,TASK00922,PRJ029,2026-05,6,2,0,2,0,65.9,EMP035
QR0103,EMP018,TASK00936,PRJ029,2026-03,8,2,0,2,0,72.2,EMP035
QR0104,EMP019,TASK00980,PRJ002,2026-05,5,1,0,1,1,82.1,EMP033
QR0105,EMP019,TASK00981,PRJ012,2026-03,11,0,0,0,0,90.1,EMP033
QR0106,EMP019,TASK00982,PRJ025,2026-04,5,1,0,1,0,79.4,EMP033
QR0107,EMP019,TASK00987,PRJ025,2026-02,9,3,0,3,1,76.1,EMP033
QR0108,EMP019,TASK00989,PRJ002,2026-06,6,0,0,0,0,83.8,EMP033
QR0109,EMP019,TASK00991,PRJ012,2026-01,3,0,0,0,0,76.6,EMP033
QR0110,EMP020,TASK01027,PRJ004,2026-03,11,2,0,2,1,80.2,EMP033
QR0111,EMP020,TASK01029,PRJ029,2026-04,8,0,0,0,0,78.8,EMP033
QR0112,EMP020,TASK01033,PRJ002,2026-02,5,0,0,0,0,80.5,EMP033
QR0113,EMP020,TASK01036,PRJ004,2026-05,9,2,0,2,0,74.1,EMP033
QR0114,EMP020,TASK01050,PRJ002,2026-06,7,0,0,0,1,78.4,EMP033
QR0115,EMP021,TASK01083,PRJ014,2026-04,6,2,0,2,0,61.5,EMP034
QR0116,EMP021,TASK01085,PRJ014,2026-03,9,3,0,3,2,53.1,EMP034
QR0117,EMP021,TASK01087,PRJ001,2026-05,5,2,0,2,1,71.2,EMP034
QR0118,EMP021,TASK01103,PRJ014,2026-02,5,2,0,2,1,45.8,EMP034
QR0119,EMP021,TASK01112,PRJ014,2026-01,4,1,0,1,1,61.1,EMP034
QR0120,EMP022,TASK01144,PRJ012,2026-04,9,2,0,2,0,79.5,EMP034
QR0121,EMP022,TASK01145,PRJ012,2026-03,8,0,0,0,0,79.3,EMP034
QR0122,EMP022,TASK01146,PRJ001,2026-01,7,2,0,2,0,83.4,EMP034
QR0123,EMP022,TASK01147,PRJ001,2026-05,10,1,0,1,1,81.9,EMP034
QR0124,EMP022,TASK01148,PRJ012,2026-02,8,1,0,1,3,81.8,EMP034
QR0125,EMP022,TASK01165,PRJ012,2026-06,5,1,0,1,0,82.4,EMP034
QR0126,EMP023,TASK01199,PRJ025,2026-05,9,1,0,1,0,87.4,EMP033
QR0127,EMP023,TASK01201,PRJ012,2026-01,4,0,0,0,0,88.5,EMP033
QR0128,EMP023,TASK01202,PRJ012,2026-03,10,2,0,2,0,85.6,EMP033
QR0129,EMP023,TASK01205,PRJ012,2026-04,5,0,0,0,1,90.2,EMP033
QR0130,EMP023,TASK01208,PRJ012,2026-06,8,0,0,0,1,83.1,EMP033
QR0131,EMP023,TASK01218,PRJ012,2026-02,4,0,0,0,0,86.0,EMP033
QR0132,EMP024,TASK01249,PRJ020,2026-05,12,2,0,2,3,79.8,EMP033
QR0133,EMP024,TASK01250,PRJ001,2026-03,8,1,0,1,1,79.3,EMP033
QR0134,EMP024,TASK01251,PRJ002,2026-06,8,3,0,3,2,72.1,EMP033
QR0135,EMP024,TASK01259,PRJ001,2026-02,6,1,0,1,0,77.8,EMP033
QR0136,EMP024,TASK01272,PRJ001,2026-04,3,0,0,0,0,80.0,EMP033
QR0137,EMP025,TASK01302,PRJ012,2026-02,6,1,0,1,2,68.0,EMP035
QR0138,EMP025,TASK01303,PRJ012,2026-03,4,2,0,2,2,59.3,EMP035
QR0139,EMP025,TASK01308,PRJ012,2026-06,4,1,0,1,1,68.4,EMP035
QR0140,EMP025,TASK01309,PRJ012,2026-05,3,1,0,1,0,65.4,EMP035
QR0141,EMP025,TASK01316,PRJ012,2026-04,7,2,0,2,4,54.1,EMP035
QR0142,EMP025,TASK01324,PRJ012,2026-01,5,1,0,1,0,56.5,EMP035
QR0143,EMP026,TASK01351,PRJ025,2026-02,6,1,0,1,1,88.1,EMP035
QR0144,EMP026,TASK01352,PRJ025,2026-03,13,4,0,4,2,76.8,EMP035
QR0145,EMP026,TASK01353,PRJ025,2026-04,6,0,0,0,1,71.8,EMP035
QR0146,EMP026,TASK01357,PRJ025,2026-01,6,1,0,1,1,83.7,EMP035
QR0147,EMP026,TASK01360,PRJ025,2026-06,9,1,0,1,0,82.8,EMP035
QR0148,EMP026,TASK01361,PRJ025,2026-05,11,1,0,1,1,85.0,EMP035
QR0149,EMP027,TASK01416,PRJ002,2026-06,6,2,0,2,2,74.2,EMP035
QR0150,EMP027,TASK01417,PRJ002,2026-05,15,5,1,4,2,72.6,EMP035
QR0151,EMP027,TASK01422,PRJ002,2026-03,9,4,0,4,0,63.7,EMP035
QR0152,EMP027,TASK01423,PRJ002,2026-01,5,1,0,1,0,77.1,EMP035
QR0153,EMP027,TASK01427,PRJ002,2026-04,7,1,0,1,0,72.3,EMP035
QR0154,EMP027,TASK01436,PRJ002,2026-02,6,2,0,2,0,68.0,EMP035
QR0155,EMP028,TASK01480,PRJ001,2026-02,7,3,0,3,2,60.8,EMP034
QR0156,EMP028,TASK01484,PRJ001,2026-05,5,1,0,1,0,48.0,EMP034
QR0157,EMP028,TASK01486,PRJ001,2026-06,5,1,0,1,1,46.8,EMP034
QR0158,EMP028,TASK01488,PRJ001,2026-04,4,1,0,1,0,57.9,EMP034
QR0159,EMP028,TASK01505,PRJ001,2026-03,6,1,0,1,2,50.7,EMP034
QR0160,EMP029,TASK01532,PRJ014,2026-01,4,0,0,0,0,91.1,EMP035
QR0161,EMP029,TASK01533,PRJ014,2026-02,8,1,0,1,0,93.2,EMP035
QR0162,EMP029,TASK01534,PRJ014,2026-06,7,0,0,0,0,80.9,EMP035
QR0163,EMP029,TASK01535,PRJ014,2026-04,6,0,0,0,1,89.0,EMP035
QR0164,EMP029,TASK01539,PRJ014,2026-03,7,0,0,0,0,87.1,EMP035
QR0165,EMP029,TASK01541,PRJ014,2026-05,3,0,0,0,0,75.2,EMP035
QR0166,EMP030,TASK01579,PRJ002,2026-04,4,1,0,1,0,42.6,EMP032
QR0167,EMP030,TASK01588,PRJ004,2026-03,4,2,0,2,2,35.2,EMP032
QR0168,EMP031,TASK01626,PRJ025,2026-04,10,4,0,4,2,72.6,EMP032
QR0169,EMP031,TASK01627,PRJ029,2026-02,7,2,0,2,1,68.4,EMP032
QR0170,EMP031,TASK01629,PRJ025,2026-06,4,0,0,0,1,79.3,EMP032
QR0171,EMP031,TASK01630,PRJ029,2026-05,7,1,0,1,2,61.8,EMP032
QR0172,EMP031,TASK01634,PRJ025,2026-03,9,2,0,2,0,70.5,EMP032
QR0173,EMP031,TASK01641,PRJ029,2026-01,4,0,0,0,0,75.2,EMP032
QR0174,EMP032,TASK01681,PRJ012,2026-04,8,1,0,1,1,77.1,EMP033
QR0175,EMP032,TASK01682,PRJ012,2026-02,7,1,0,1,0,80.0,EMP033
QR0176,EMP032,TASK01683,PRJ012,2026-01,13,2,0,2,0,86.9,EMP033
QR0177,EMP032,TASK01689,PRJ012,2026-05,8,0,0,0,1,89.0,EMP033
QR0178,EMP032,TASK01697,PRJ012,2026-03,4,0,0,0,0,92.8,EMP033
QR0179,EMP032,TASK01699,PRJ012,2026-06,7,1,0,1,1,79.3,EMP033
QR0180,EMP033,TASK01738,PRJ025,2026-04,9,4,0,4,0,68.4,EMP032
QR0181,EMP033,TASK01739,PRJ025,2026-03,5,2,0,2,0,50.3,EMP032
QR0182,EMP033,TASK01741,PRJ025,2026-06,8,4,0,4,3,53.0,EMP032
QR0183,EMP033,TASK01743,PRJ025,2026-01,3,1,0,1,0,58.9,EMP032
QR0184,EMP033,TASK01745,PRJ025,2026-05,7,3,0,3,1,59.6,EMP032
QR0185,EMP033,TASK01769,PRJ025,2026-02,3,0,0,0,0,71.0,EMP032
QR0186,EMP034,TASK01812,PRJ014,2026-06,3,0,0,0,1,49.8,EMP032
QR0187,EMP035,TASK01850,PRJ012,2026-03,10,2,0,2,2,70.4,EMP032
QR0188,EMP035,TASK01851,PRJ012,2026-05,7,1,0,1,1,82.6,EMP032
QR0189,EMP035,TASK01857,PRJ012,2026-06,3,1,0,1,0,74.5,EMP032
QR0190,EMP035,TASK01867,PRJ012,2026-01,7,1,0,1,2,77.0,EMP032
QR0191,EMP035,TASK01872,PRJ012,2026-02,3,0,0,0,1,73.0,EMP032
QR0192,EMP036,TASK01896,PRJ012,2026-05,7,0,0,0,1,85.1,EMP035
QR0193,EMP036,TASK01897,PRJ012,2026-04,5,0,0,0,1,91.1,EMP035
QR0194,EMP036,TASK01898,PRJ012,2026-03,15,2,0,2,2,79.4,EMP035
QR0195,EMP036,TASK01901,PRJ012,2026-01,7,1,0,1,2,81.9,EMP035
QR0196,EMP036,TASK01903,PRJ012,2026-02,11,3,0,3,2,76.9,EMP035
QR0197,EMP036,TASK01913,PRJ012,2026-06,9,1,0,1,0,80.4,EMP035
QR0198,EMP037,TASK01960,PRJ012,2026-06,6,1,0,1,1,56.3,EMP035
QR0199,EMP037,TASK01961,PRJ012,2026-03,5,1,0,1,2,61.1,EMP035
QR0200,EMP037,TASK01967,PRJ025,2026-05,5,1,0,1,2,69.6,EMP035
QR0201,EMP037,TASK01986,PRJ012,2026-02,3,0,0,0,0,62.7,EMP035
QR0202,EMP038,TASK02017,PRJ012,2026-01,5,1,0,1,0,76.4,EMP033
QR0203,EMP038,TASK02019,PRJ012,2026-02,6,1,0,1,0,70.2,EMP033
QR0204,EMP038,TASK02020,PRJ012,2026-03,12,3,0,3,1,72.8,EMP033
QR0205,EMP038,TASK02021,PRJ012,2026-06,10,0,0,0,1,83.5,EMP033
QR0206,EMP038,TASK02033,PRJ012,2026-05,3,0,0,0,0,75.4,EMP033
QR0207,EMP038,TASK02037,PRJ012,2026-04,3,0,0,0,0,88.6,EMP033
QR0208,EMP039,TASK02069,PRJ029,2026-05,6,2,0,2,1,41.6,EMP033
QR0209,EMP039,TASK02071,PRJ029,2026-04,4,1,0,1,0,51.8,EMP033
QR0210,EMP040,TASK02119,PRJ004,2026-05,9,3,0,3,0,69.2,EMP034
QR0211,EMP040,TASK02120,PRJ004,2026-02,11,2,0,2,0,66.0,EMP034
QR0212,EMP040,TASK02125,PRJ004,2026-03,6,2,0,2,0,68.3,EMP034
QR0213,EMP040,TASK02126,PRJ004,2026-06,7,1,0,1,0,74.2,EMP034
QR0214,EMP040,TASK02130,PRJ004,2026-01,7,1,0,1,1,81.3,EMP034
QR0215,EMP040,TASK02136,PRJ004,2026-04,5,1,0,1,2,61.1,EMP034
QR0216,EMP041,TASK02183,PRJ004,2026-04,6,1,0,1,1,68.0,EMP032
QR0217,EMP041,TASK02185,PRJ004,2026-03,5,1,0,1,0,58.4,EMP032
QR0218,EMP041,TASK02188,PRJ002,2026-07,3,0,0,0,0,58.2,EMP032
QR0219,EMP041,TASK02197,PRJ004,2026-05,6,1,0,1,0,64.6,EMP032
QR0220,EMP041,TASK02199,PRJ002,2026-02,5,2,0,2,2,52.0,EMP032
QR0221,EMP042,TASK02232,PRJ018,2026-01,8,0,0,0,0,77.5,EMP047
QR0222,EMP042,TASK02234,PRJ018,2026-03,9,2,0,2,1,71.3,EMP047
QR0223,EMP042,TASK02235,PRJ021,2026-04,7,0,0,0,1,92.0,EMP047
QR0224,EMP042,TASK02241,PRJ021,2026-06,8,0,0,0,0,80.5,EMP047
QR0225,EMP042,TASK02243,PRJ018,2026-02,6,0,0,0,0,79.0,EMP047
QR0226,EMP043,TASK02278,PRJ021,2026-04,8,1,0,1,1,68.0,EMP048
QR0227,EMP043,TASK02283,PRJ008,2026-01,3,1,0,1,1,63.9,EMP048
QR0228,EMP043,TASK02285,PRJ021,2026-06,3,0,0,0,1,66.8,EMP048
QR0229,EMP043,TASK02287,PRJ018,2026-05,8,2,0,2,1,66.3,EMP048
QR0230,EMP043,TASK02288,PRJ008,2026-02,7,1,0,1,0,76.7,EMP048
QR0231,EMP043,TASK02289,PRJ021,2026-03,9,3,0,3,2,70.6,EMP048
QR0232,EMP044,TASK02333,PRJ018,2026-02,6,1,0,1,2,49.9,EMP048
QR0233,EMP044,TASK02342,PRJ018,2026-04,5,1,0,1,0,46.3,EMP048
QR0234,EMP044,TASK02345,PRJ021,2026-05,4,0,0,0,2,43.4,EMP048
QR0235,EMP044,TASK02369,PRJ021,2026-03,4,2,0,2,1,43.3,EMP048
QR0236,EMP045,TASK02384,PRJ008,2026-03,10,1,0,1,1,85.9,EMP048
QR0237,EMP045,TASK02386,PRJ021,2026-06,5,0,0,0,1,80.2,EMP048
QR0238,EMP045,TASK02391,PRJ008,2026-02,8,1,0,1,0,77.6,EMP048
QR0239,EMP045,TASK02393,PRJ021,2026-01,6,1,0,1,0,70.1,EMP048
QR0240,EMP045,TASK02394,PRJ018,2026-04,4,1,0,1,1,72.1,EMP048
QR0241,EMP045,TASK02399,PRJ021,2026-05,5,1,0,1,1,77.4,EMP048
QR0242,EMP046,TASK02436,PRJ008,2026-06,8,3,0,3,1,61.6,EMP048
QR0243,EMP046,TASK02437,PRJ018,2026-05,15,3,0,3,0,79.7,EMP048
QR0244,EMP046,TASK02438,PRJ021,2026-04,9,1,0,1,1,74.4,EMP048
QR0245,EMP046,TASK02443,PRJ021,2026-02,3,0,0,0,0,82.7,EMP048
QR0246,EMP046,TASK02444,PRJ008,2026-01,8,1,0,1,1,69.8,EMP048
QR0247,EMP046,TASK02449,PRJ018,2026-03,5,2,0,2,0,72.2,EMP048
QR0248,EMP047,TASK02496,PRJ018,2026-02,4,1,0,1,1,56.3,EMP048
QR0249,EMP047,TASK02497,PRJ008,2026-05,7,2,0,2,1,51.8,EMP048
QR0250,EMP047,TASK02507,PRJ008,2026-06,4,1,0,1,0,49.3,EMP048
QR0251,EMP047,TASK02515,PRJ008,2026-03,6,3,0,3,0,55.5,EMP048
QR0252,EMP048,TASK02561,PRJ008,2026-05,9,3,0,3,1,43.2,EMP047
QR0253,EMP048,TASK02566,PRJ021,2026-02,4,0,0,0,0,58.1,EMP047
QR0254,EMP048,TASK02567,PRJ008,2026-06,5,1,0,1,2,57.2,EMP047
QR0255,EMP048,TASK02576,PRJ008,2026-03,5,1,0,1,2,59.3,EMP047
QR0256,EMP048,TASK02594,PRJ008,2026-04,3,0,0,0,1,70.9,EMP047
QR0257,EMP049,TASK02617,PRJ030,2026-04,5,1,0,1,0,44.1,EMP061
QR0258,EMP049,TASK02627,PRJ030,2026-02,6,3,0,3,1,59.7,EMP061
QR0259,EMP050,TASK02663,PRJ019,2026-05,7,1,0,1,1,77.8,EMP059
QR0260,EMP050,TASK02664,PRJ006,2026-03,11,3,0,3,1,75.1,EMP059
QR0261,EMP050,TASK02665,PRJ019,2026-04,9,0,0,0,0,95.5,EMP059
QR0262,EMP050,TASK02666,PRJ006,2026-01,6,1,0,1,0,75.5,EMP059
QR0263,EMP050,TASK02674,PRJ019,2026-02,6,0,0,0,0,88.7,EMP059
QR0264,EMP050,TASK02682,PRJ006,2026-06,7,0,0,0,0,86.0,EMP059
QR0265,EMP051,TASK02713,PRJ030,2026-06,7,1,0,1,1,76.2,EMP059
QR0266,EMP051,TASK02714,PRJ030,2026-03,8,0,0,0,1,84.3,EMP059
QR0267,EMP051,TASK02717,PRJ030,2026-05,9,1,0,1,0,74.8,EMP059
QR0268,EMP051,TASK02718,PRJ030,2026-01,9,2,0,2,0,85.3,EMP059
QR0269,EMP051,TASK02721,PRJ030,2026-02,15,3,0,3,1,86.8,EMP059
QR0270,EMP051,TASK02723,PRJ030,2026-04,10,2,0,2,1,76.5,EMP059
QR0271,EMP052,TASK02779,PRJ019,2026-02,5,2,0,2,1,58.2,EMP060
QR0272,EMP052,TASK02788,PRJ006,2026-04,4,0,0,0,2,63.2,EMP060
QR0273,EMP052,TASK02791,PRJ006,2026-05,4,2,0,2,0,39.0,EMP060
QR0274,EMP052,TASK02793,PRJ019,2026-06,3,1,0,1,2,60.4,EMP060
QR0275,EMP053,TASK02833,PRJ030,2026-03,3,1,0,1,0,63.7,EMP059
QR0276,EMP053,TASK02834,PRJ019,2026-02,10,2,0,2,0,83.6,EMP059
QR0277,EMP053,TASK02835,PRJ030,2026-04,7,1,0,1,0,64.6,EMP059
QR0278,EMP053,TASK02836,PRJ019,2026-05,4,0,0,0,0,75.4,EMP059
QR0279,EMP053,TASK02838,PRJ030,2026-01,6,1,0,1,2,76.8,EMP059
QR0280,EMP053,TASK02843,PRJ019,2026-06,3,0,0,0,0,71.4,EMP059
QR0281,EMP054,TASK02878,PRJ019,2026-02,7,0,0,0,1,88.7,EMP060
QR0282,EMP054,TASK02880,PRJ019,2026-04,8,1,0,1,0,83.3,EMP060
QR0283,EMP054,TASK02882,PRJ019,2026-03,15,4,0,4,2,77.9,EMP060
QR0284,EMP054,TASK02886,PRJ019,2026-06,8,1,0,1,1,76.7,EMP060
QR0285,EMP054,TASK02891,PRJ019,2026-05,8,1,0,1,1,77.7,EMP060
QR0286,EMP054,TASK02893,PRJ019,2026-01,4,0,0,0,0,82.0,EMP060
QR0287,EMP055,TASK02939,PRJ019,2026-01,5,1,0,1,1,71.5,EMP061
QR0288,EMP055,TASK02945,PRJ006,2026-02,11,5,0,5,1,63.3,EMP061
QR0289,EMP055,TASK02946,PRJ019,2026-04,9,2,0,2,3,71.2,EMP061
QR0290,EMP055,TASK02951,PRJ019,2026-05,6,0,0,0,3,77.4,EMP061
QR0291,EMP055,TASK02952,PRJ019,2026-06,7,1,0,1,2,85.4,EMP061
QR0292,EMP055,TASK02958,PRJ006,2026-03,4,1,0,1,1,65.8,EMP061
QR0293,EMP056,TASK03004,PRJ019,2026-02,9,1,0,1,1,83.0,EMP060
QR0294,EMP056,TASK03006,PRJ019,2026-06,11,2,0,2,2,75.6,EMP060
QR0295,EMP056,TASK03008,PRJ019,2026-04,12,2,0,2,0,85.7,EMP060
QR0296,EMP056,TASK03011,PRJ019,2026-03,9,1,0,1,0,80.3,EMP060
QR0297,EMP056,TASK03014,PRJ019,2026-01,5,0,0,0,1,87.8,EMP060
QR0298,EMP056,TASK03029,PRJ019,2026-05,6,1,0,1,0,85.4,EMP060
QR0299,EMP057,TASK03066,PRJ019,2026-01,6,1,0,1,1,76.8,EMP060
QR0300,EMP057,TASK03067,PRJ030,2026-04,6,2,0,2,0,70.2,EMP060
QR0301,EMP057,TASK03069,PRJ030,2026-05,6,1,0,1,1,74.2,EMP060
QR0302,EMP057,TASK03072,PRJ019,2026-06,5,0,0,0,2,68.8,EMP060
QR0303,EMP057,TASK03076,PRJ030,2026-03,6,2,0,2,1,70.6,EMP060
QR0304,EMP057,TASK03077,PRJ019,2026-02,3,0,0,0,0,70.2,EMP060
QR0305,EMP058,TASK03113,PRJ030,2026-02,7,1,0,1,2,78.5,EMP060
QR0306,EMP058,TASK03115,PRJ006,2026-04,7,2,0,2,3,72.7,EMP060
QR0307,EMP058,TASK03117,PRJ006,2026-01,5,1,0,1,1,77.9,EMP060
QR0308,EMP058,TASK03118,PRJ006,2026-05,5,1,0,1,2,80.5,EMP060
QR0309,EMP058,TASK03122,PRJ006,2026-03,6,1,0,1,1,69.6,EMP060
QR0310,EMP059,TASK03163,PRJ030,2026-06,4,1,0,1,1,74.3,EMP060
QR0311,EMP059,TASK03166,PRJ006,2026-04,6,0,0,0,0,75.6,EMP060
QR0312,EMP059,TASK03174,PRJ019,2026-01,5,1,0,1,1,84.0,EMP060
QR0313,EMP059,TASK03175,PRJ006,2026-05,3,0,0,0,0,69.5,EMP060
QR0314,EMP059,TASK03180,PRJ030,2026-03,5,0,0,0,0,78.3,EMP060
QR0315,EMP059,TASK03184,PRJ030,2026-02,5,1,0,1,0,74.0,EMP060
QR0316,EMP060,TASK03218,PRJ030,2026-04,4,2,0,2,1,51.1,EMP059
QR0317,EMP060,TASK03219,PRJ030,2026-02,4,1,0,1,1,55.0,EMP059
QR0318,EMP060,TASK03220,PRJ030,2026-05,5,1,0,1,0,43.9,EMP059
QR0319,EMP060,TASK03237,PRJ019,2026-06,3,1,0,1,0,45.7,EMP059
QR0320,EMP061,TASK03264,PRJ019,2026-01,7,1,0,1,1,80.9,EMP059
QR0321,EMP061,TASK03265,PRJ006,2026-03,9,3,0,3,1,74.2,EMP059
QR0322,EMP061,TASK03266,PRJ006,2026-06,7,2,0,2,0,79.2,EMP059
QR0323,EMP061,TASK03270,PRJ030,2026-02,8,0,0,0,1,78.1,EMP059
QR0324,EMP061,TASK03271,PRJ030,2026-05,4,0,0,0,1,68.0,EMP059
QR0325,EMP061,TASK03280,PRJ019,2026-04,7,1,0,1,0,70.4,EMP059
QR0326,EMP062,TASK03325,PRJ028,2026-05,6,3,0,3,0,43.0,
QR0327,EMP062,TASK03326,PRJ028,2026-02,8,3,0,3,4,52.1,
QR0328,EMP062,TASK03330,PRJ028,2026-03,5,2,0,2,0,36.6,
QR0329,EMP062,TASK03332,PRJ028,2026-04,3,1,0,1,0,45.6,
QR0330,EMP062,TASK03340,PRJ028,2026-06,4,1,0,1,1,52.5,
QR0331,EMP063,TASK03388,PRJ017,2026-03,6,2,0,2,2,55.9,
QR0332,EMP063,TASK03389,PRJ017,2026-05,7,2,0,2,0,55.9,
QR0333,EMP063,TASK03397,PRJ007,2026-04,7,2,0,2,2,58.0,
QR0334,EMP063,TASK03399,PRJ017,2026-01,4,0,0,0,0,45.0,
QR0335,EMP063,TASK03410,PRJ017,2026-06,4,1,0,1,1,55.6,
QR0336,EMP063,TASK03411,PRJ007,2026-02,7,2,0,2,1,53.7,
QR0337,EMP064,TASK03446,PRJ007,2026-04,4,0,0,0,2,92.7,
QR0338,EMP064,TASK03447,PRJ007,2026-03,10,2,0,2,0,82.0,
QR0339,EMP064,TASK03449,PRJ007,2026-05,6,0,0,0,0,81.7,
QR0340,EMP064,TASK03451,PRJ007,2026-01,9,0,0,0,0,86.3,
QR0341,EMP064,TASK03452,PRJ007,2026-02,12,0,0,0,0,93.6,
QR0342,EMP064,TASK03458,PRJ007,2026-06,6,0,0,0,0,84.8,
QR0343,EMP065,TASK03498,PRJ022,2026-04,5,1,0,1,1,53.2,
QR0344,EMP065,TASK03499,PRJ022,2026-02,6,3,0,3,1,57.7,
QR0345,EMP065,TASK03503,PRJ017,2026-05,7,4,0,4,0,41.6,
QR0346,EMP066,TASK03559,PRJ028,2026-04,10,2,0,2,0,64.8,
QR0347,EMP066,TASK03563,PRJ007,2026-01,12,2,0,2,0,70.8,
QR0348,EMP066,TASK03565,PRJ028,2026-03,5,2,0,2,2,68.1,
QR0349,EMP066,TASK03567,PRJ007,2026-05,5,1,0,1,0,66.5,
QR0350,EMP066,TASK03573,PRJ007,2026-06,8,2,0,2,1,82.6,
QR0351,EMP066,TASK03582,PRJ007,2026-02,5,2,0,2,1,64.0,
QR0352,EMP067,TASK03621,PRJ009,2026-02,7,1,0,1,0,88.1,
QR0353,EMP067,TASK03622,PRJ009,2026-06,4,0,0,0,0,78.4,
QR0354,EMP067,TASK03623,PRJ009,2026-05,9,0,0,0,0,83.3,
QR0355,EMP067,TASK03624,PRJ009,2026-03,8,1,0,1,1,80.2,
QR0356,EMP067,TASK03631,PRJ009,2026-04,5,0,0,0,0,94.2,
QR0357,EMP067,TASK03636,PRJ009,2026-01,7,1,0,1,1,86.4,
QR0358,EMP068,TASK03676,PRJ023,2026-04,10,3,0,3,2,78.8,
QR0359,EMP068,TASK03677,PRJ009,2026-05,9,2,0,2,0,78.0,
QR0360,EMP068,TASK03678,PRJ009,2026-01,8,2,0,2,2,80.6,
QR0361,EMP068,TASK03690,PRJ023,2026-06,4,0,0,0,2,72.8,
QR0362,EMP068,TASK03691,PRJ009,2026-03,6,1,0,1,0,75.3,
QR0363,EMP068,TASK03695,PRJ023,2026-02,7,1,0,1,2,69.0,
QR0364,EMP069,TASK03740,PRJ023,2026-04,9,2,0,2,1,75.2,
QR0365,EMP069,TASK03741,PRJ023,2026-01,11,1,0,1,2,85.0,
QR0366,EMP069,TASK03745,PRJ023,2026-05,9,2,0,2,0,82.4,
QR0367,EMP069,TASK03746,PRJ023,2026-02,7,1,0,1,1,85.9,
QR0368,EMP069,TASK03747,PRJ023,2026-03,7,0,0,0,0,82.3,
QR0369,EMP069,TASK03750,PRJ023,2026-06,11,2,0,2,1,83.2,
QR0370,EMP070,TASK03805,PRJ009,2026-06,12,2,0,2,1,74.1,
QR0371,EMP070,TASK03806,PRJ009,2026-03,7,2,0,2,0,74.8,
QR0372,EMP070,TASK03807,PRJ023,2026-02,6,1,0,1,0,69.6,
QR0373,EMP070,TASK03810,PRJ009,2026-05,7,1,0,1,3,71.1,
QR0374,EMP070,TASK03811,PRJ023,2026-04,5,1,0,1,1,73.4,
QR0375,EMP070,TASK03814,PRJ009,2026-01,5,1,0,1,3,69.3,
QR0376,EMP071,TASK03865,PRJ009,2026-03,13,6,1,5,1,65.1,
QR0377,EMP071,TASK03866,PRJ009,2026-06,5,1,0,1,0,85.1,
QR0378,EMP071,TASK03867,PRJ009,2026-02,8,0,0,0,0,87.6,
QR0379,EMP071,TASK03869,PRJ009,2026-05,13,2,0,2,0,68.9,
QR0380,EMP071,TASK03875,PRJ009,2026-04,6,1,0,1,1,57.3,
QR0381,EMP072,TASK03927,PRJ010,2026-01,5,0,0,0,0,85.5,EMP073
QR0382,EMP072,TASK03928,PRJ010,2026-05,6,0,0,0,0,90.2,EMP073
QR0383,EMP072,TASK03929,PRJ010,2026-03,10,1,0,1,0,86.9,EMP073
QR0384,EMP072,TASK03932,PRJ010,2026-04,5,0,0,0,0,90.6,EMP073
QR0385,EMP072,TASK03934,PRJ010,2026-06,9,0,0,0,0,91.5,EMP073
QR0386,EMP072,TASK03935,PRJ010,2026-02,9,0,0,0,0,91.2,EMP073
QR0387,EMP073,TASK03972,PRJ010,2026-03,9,0,0,0,1,86.6,EMP072
QR0388,EMP073,TASK03973,PRJ010,2026-06,8,1,0,1,1,85.4,EMP072
QR0389,EMP073,TASK03975,PRJ010,2026-05,5,0,0,0,0,81.7,EMP072
QR0390,EMP073,TASK03979,PRJ010,2026-02,6,0,0,0,0,85.9,EMP072
QR0391,EMP073,TASK03980,PRJ010,2026-04,6,1,0,1,1,79.5,EMP072
QR0392,EMP074,TASK04017,PRJ010,2026-02,10,4,0,4,1,70.3,EMP072
QR0393,EMP074,TASK04018,PRJ010,2026-06,3,0,0,0,1,83.0,EMP072
QR0394,EMP074,TASK04020,PRJ010,2026-01,6,2,0,2,0,74.9,EMP072
QR0395,EMP074,TASK04027,PRJ010,2026-03,7,2,0,2,2,67.9,EMP072
QR0396,EMP074,TASK04031,PRJ010,2026-05,5,1,0,1,1,75.4,EMP072
QR0397,EMP074,TASK04035,PRJ010,2026-04,5,1,0,1,0,71.9,EMP072
QR0398,EMP075,TASK04067,PRJ011,2026-04,7,1,0,1,1,77.4,
QR0399,EMP075,TASK04069,PRJ011,2026-02,10,2,0,2,0,71.2,
QR0400,EMP075,TASK04071,PRJ011,2026-03,8,1,0,1,2,84.2,
QR0401,EMP075,TASK04079,PRJ011,2026-05,8,1,0,1,0,78.4,
QR0402,EMP075,TASK04082,PRJ011,2026-06,4,0,0,0,0,76.3,
QR0403,EMP076,TASK04116,PRJ011,2026-03,3,0,0,0,1,74.3,
QR0404,EMP076,TASK04117,PRJ011,2026-02,6,1,0,1,0,70.7,
QR0405,EMP076,TASK04118,PRJ011,2026-04,12,4,0,4,2,77.0,
QR0406,EMP076,TASK04123,PRJ011,2026-01,5,1,0,1,1,86.2,
QR0407,EMP076,TASK04124,PRJ011,2026-05,9,1,0,1,0,77.9,
QR0408,EMP077,TASK04174,PRJ011,2026-03,9,0,0,0,2,88.2,
QR0409,EMP077,TASK04177,PRJ011,2026-06,11,1,0,1,1,90.9,
QR0410,EMP077,TASK04180,PRJ011,2026-05,9,0,0,0,0,86.0,
QR0411,EMP077,TASK04182,PRJ011,2026-01,4,0,0,0,0,97.1,
QR0412,EMP077,TASK04186,PRJ011,2026-04,13,1,0,1,2,87.4,
QR0413,EMP077,TASK04187,PRJ011,2026-02,6,0,0,0,0,94.8,
QR0414,EMP078,TASK04234,PRJ011,2026-03,9,3,0,3,1,73.4,
QR0415,EMP078,TASK04236,PRJ011,2026-02,6,1,0,1,1,74.8,
QR0416,EMP078,TASK04237,PRJ011,2026-06,3,0,0,0,1,73.3,
QR0417,EMP078,TASK04239,PRJ011,2026-04,7,2,0,2,1,66.5,
QR0418,EMP078,TASK04245,PRJ011,2026-05,5,1,0,1,0,81.5,
QR0419,EMP078,TASK04252,PRJ011,2026-01,5,1,0,1,2,78.4,
QR0420,EMP079,TASK04283,PRJ011,2026-06,7,0,0,0,0,85.7,
QR0421,EMP079,TASK04284,PRJ011,2026-03,4,0,0,0,1,90.5,
QR0422,EMP079,TASK04288,PRJ011,2026-04,7,0,0,0,0,83.3,
QR0423,EMP079,TASK04290,PRJ011,2026-05,9,1,0,1,2,77.2,
QR0424,EMP079,TASK04298,PRJ011,2026-02,5,0,0,0,0,88.0,
QR0425,EMP079,TASK04305,PRJ011,2026-01,9,0,0,0,0,88.5,
QR0426,EMP080,TASK04340,PRJ011,2026-04,4,0,0,0,1,52.6,
QR0427,EMP080,TASK04346,PRJ011,2026-02,3,0,0,0,0,44.0,
QR0428,EMP081,TASK04397,PRJ011,2026-06,3,1,0,1,1,49.3,
QR0429,EMP081,TASK04398,PRJ011,2026-02,3,1,0,1,0,36.5,
QR0430,EMP081,TASK04399,PRJ011,2026-03,4,0,0,0,1,55.7,
QR0431,EMP081,TASK04408,PRJ011,2026-04,5,2,0,2,0,49.0,
QR0432,EMP082,TASK04440,PRJ011,2026-03,5,1,0,1,3,55.6,
QR0433,EMP082,TASK04441,PRJ011,2026-04,5,1,0,1,3,66.4,
QR0434,EMP082,TASK04442,PRJ011,2026-01,3,0,0,0,0,63.0,
QR0435,EMP082,TASK04443,PRJ011,2026-02,5,1,0,1,1,65.5,
QR0436,EMP082,TASK04444,PRJ011,2026-06,4,1,0,1,1,47.8,
QR0437,EMP082,TASK04450,PRJ011,2026-05,10,3,0,3,3,61.4,
QR0438,EMP083,TASK04499,PRJ026,2026-04,6,3,0,3,1,40.6,
QR0439,EMP083,TASK04507,PRJ026,2026-05,3,1,0,1,1,50.6,
QR0440,EMP083,TASK04517,PRJ026,2026-03,4,1,0,1,2,49.3,
QR0441,EMP084,TASK04546,PRJ015,2026-05,11,3,0,3,1,69.6,
QR0442,EMP084,TASK04547,PRJ015,2026-01,5,1,0,1,3,59.9,
QR0443,EMP084,TASK04548,PRJ015,2026-04,9,4,0,4,2,51.0,
QR0444,EMP084,TASK04549,PRJ015,2026-02,5,2,0,2,2,57.1,
QR0445,EMP084,TASK04550,PRJ015,2026-06,5,1,0,1,0,75.3,
QR0446,EMP084,TASK04556,PRJ015,2026-03,4,1,0,1,1,52.7,
QR0447,EMP085,TASK04611,PRJ026,2026-05,4,0,0,0,0,78.8,
QR0448,EMP085,TASK04612,PRJ026,2026-01,8,1,0,1,1,83.8,
QR0449,EMP085,TASK04617,PRJ026,2026-04,12,2,0,2,1,82.8,
QR0450,EMP085,TASK04618,PRJ026,2026-06,5,1,0,1,0,84.0,
QR0451,EMP085,TASK04622,PRJ026,2026-03,7,1,0,1,2,85.0,
QR0452,EMP086,TASK04659,PRJ015,2026-02,5,2,0,2,1,56.9,
QR0453,EMP086,TASK04660,PRJ015,2026-04,7,1,0,1,3,63.4,
QR0454,EMP086,TASK04667,PRJ015,2026-05,3,1,0,1,2,58.2,
QR0455,EMP086,TASK04668,PRJ015,2026-03,5,1,0,1,1,55.0,
QR0456,EMP087,TASK04703,PRJ013,2026-01,5,2,0,2,0,70.1,
QR0457,EMP087,TASK04704,PRJ013,2026-02,5,2,0,2,0,67.3,
QR0458,EMP087,TASK04705,PRJ005,2026-04,7,1,0,1,2,83.2,
QR0459,EMP087,TASK04708,PRJ013,2026-06,5,1,0,1,1,69.6,
QR0460,EMP087,TASK04709,PRJ013,2026-03,3,0,0,0,1,79.4,
QR0461,EMP087,TASK04715,PRJ024,2026-05,9,2,0,2,1,73.9,
QR0462,EMP088,TASK04751,PRJ005,2026-06,6,0,0,0,1,90.9,
QR0463,EMP088,TASK04754,PRJ024,2026-02,9,0,0,0,1,77.6,
QR0464,EMP088,TASK04755,PRJ024,2026-04,8,1,0,1,0,71.1,
QR0465,EMP088,TASK04756,PRJ024,2026-05,5,0,0,0,1,88.6,
QR0466,EMP088,TASK04762,PRJ024,2026-01,10,3,0,3,1,78.8,
QR0467,EMP088,TASK04769,PRJ024,2026-03,12,1,0,1,1,84.1,
QR0468,EMP089,TASK04813,PRJ013,2026-05,5,0,0,0,0,66.8,
QR0469,EMP089,TASK04816,PRJ005,2026-04,5,1,0,1,0,76.3,
QR0470,EMP089,TASK04817,PRJ013,2026-06,8,1,0,1,0,80.4,
QR0471,EMP089,TASK04819,PRJ013,2026-02,7,1,0,1,0,69.7,
QR0472,EMP089,TASK04820,PRJ005,2026-03,4,1,0,1,1,73.1,
QR0473,EMP089,TASK04830,PRJ005,2026-01,4,1,0,1,1,75.7,
QR0474,EMP090,TASK04863,PRJ013,2026-04,5,1,0,1,1,64.6,
QR0475,EMP090,TASK04865,PRJ013,2026-06,6,2,0,2,0,57.8,
QR0476,EMP090,TASK04867,PRJ024,2026-01,4,1,0,1,0,71.5,
QR0477,EMP090,TASK04871,PRJ024,2026-02,5,1,0,1,2,77.0,
QR0478,EMP090,TASK04879,PRJ013,2026-03,4,1,0,1,0,63.4,
QR0479,EMP091,TASK04905,PRJ024,2026-06,7,2,0,2,1,72.9,
QR0480,EMP091,TASK04907,PRJ024,2026-01,9,1,0,1,0,83.0,
QR0481,EMP091,TASK04908,PRJ024,2026-05,7,0,0,0,0,87.3,
QR0482,EMP091,TASK04910,PRJ024,2026-03,7,1,0,1,1,71.9,
QR0483,EMP091,TASK04918,PRJ024,2026-04,4,0,0,0,0,81.3,
QR0484,EMP091,TASK04919,PRJ024,2026-02,7,1,0,1,1,85.6,
QR0485,EMP092,TASK04958,PRJ024,2026-03,11,2,0,2,0,80.0,
QR0486,EMP092,TASK04962,PRJ013,2026-04,11,2,0,2,0,85.6,
QR0487,EMP092,TASK04963,PRJ024,2026-02,11,2,0,2,0,83.0,
QR0488,EMP092,TASK04968,PRJ024,2026-05,7,0,0,0,1,92.6,
QR0489,EMP092,TASK04973,PRJ013,2026-06,3,0,0,0,0,80.3,
QR0490,EMP093,TASK05008,PRJ003,2026-02,12,0,0,0,2,95.6,
QR0491,EMP093,TASK05009,PRJ003,2026-05,18,0,0,0,1,99.6,
QR0492,EMP093,TASK05010,PRJ003,2026-04,5,0,0,0,0,88.5,
QR0493,EMP093,TASK05012,PRJ003,2026-03,6,0,0,0,0,90.9,
QR0494,EMP093,TASK05013,PRJ003,2026-01,6,0,0,0,0,93.8,
QR0495,EMP093,TASK05017,PRJ003,2026-06,4,0,0,0,0,83.4,
QR0496,EMP094,TASK05067,PRJ016,2026-03,11,0,0,0,0,98.9,
QR0497,EMP094,TASK05068,PRJ016,2026-04,10,0,0,0,0,90.6,
QR0498,EMP094,TASK05070,PRJ016,2026-01,4,0,0,0,1,92.8,
QR0499,EMP094,TASK05071,PRJ016,2026-05,13,1,0,1,0,90.2,
QR0500,EMP094,TASK05072,PRJ016,2026-06,5,0,0,0,0,94.6,
QR0501,EMP094,TASK05073,PRJ016,2026-02,7,0,0,0,0,92.0,
QR0502,EMP095,TASK05123,PRJ016,2026-06,10,3,0,3,1,77.0,
QR0503,EMP095,TASK05124,PRJ003,2026-03,12,2,0,2,0,87.7,
QR0504,EMP095,TASK05126,PRJ003,2026-02,13,2,0,2,3,84.9,
QR0505,EMP095,TASK05128,PRJ003,2026-04,9,3,0,3,1,71.4,
QR0506,EMP095,TASK05132,PRJ016,2026-01,8,1,0,1,0,78.6,
QR0507,EMP095,TASK05133,PRJ027,2026-05,5,0,0,0,0,88.4,
QR0508,EMP096,TASK05187,PRJ003,2026-03,4,1,0,1,0,69.0,
QR0509,EMP096,TASK05189,PRJ003,2026-05,7,2,0,2,3,53.9,
QR0510,EMP096,TASK05192,PRJ003,2026-01,5,1,0,1,1,61.2,
QR0511,EMP096,TASK05195,PRJ003,2026-06,4,2,0,2,2,50.8,
QR0512,EMP096,TASK05199,PRJ027,2026-04,5,2,0,2,0,60.7,
QR0513,EMP097,TASK05242,PRJ003,2026-03,12,0,0,0,0,96.8,
QR0514,EMP097,TASK05243,PRJ003,2026-05,8,0,0,0,0,93.9,
QR0515,EMP097,TASK05244,PRJ003,2026-02,9,1,0,1,1,92.2,
QR0516,EMP097,TASK05246,PRJ003,2026-04,12,1,0,1,0,81.8,
QR0517,EMP097,TASK05252,PRJ003,2026-06,10,0,0,0,1,94.5,
QR0518,EMP097,TASK05254,PRJ003,2026-01,6,0,0,0,0,92.9,
QR0519,EMP098,TASK05302,PRJ003,2026-06,6,2,0,2,0,48.2,
QR0520,EMP098,TASK05303,PRJ027,2026-03,5,2,0,2,2,59.5,
QR0521,EMP098,TASK05312,PRJ003,2026-02,4,2,0,2,0,45.8,
QR0522,EMP099,TASK05347,PRJ003,2026-03,9,1,0,1,1,76.4,
QR0523,EMP099,TASK05348,PRJ016,2026-06,8,0,0,0,0,93.1,
QR0524,EMP099,TASK05351,PRJ016,2026-04,10,1,0,1,1,78.8,
QR0525,EMP099,TASK05352,PRJ016,2026-02,6,0,0,0,1,76.3,
QR0526,EMP099,TASK05357,PRJ003,2026-05,12,3,0,3,2,76.6,
QR0527,EMP099,TASK05372,PRJ027,2026-01,10,2,0,2,0,84.0,
QR0528,EMP100,TASK05407,PRJ003,2026-01,6,2,0,2,2,67.9,
QR0529,EMP100,TASK05415,PRJ003,2026-04,7,1,0,1,2,58.7,
QR0530,EMP100,TASK05416,PRJ003,2026-03,5,2,0,2,1,52.6,
QR0531,EMP100,TASK05423,PRJ003,2026-02,5,2,0,2,0,62.8,
QR0532,EMP100,TASK05430,PRJ003,2026-05,3,1,0,1,0,48.8,
