performance_id,employee_id,period_start,period_end,kpi_score,feedback_score,goal_score,skill_score,overall_score,previous_score,score_change,trend_percentage
PERF0001,EMP001,2026-01-01,2026-01-31,91.2,0,0,87.8,91.2,,0,0
PERF0002,EMP001,2026-02-01,2026-02-28,97.8,0,0,100.0,97.8,91.2,6.6,7.2
PERF0003,EMP001,2026-03-01,2026-03-31,91.9,0,0,90.0,91.9,97.8,-5.9,-6.0
PERF0004,EMP001,2026-04-01,2026-04-30,82.7,0,0,74.6,82.7,91.9,-9.2,-10.0
PERF0005,EMP001,2026-05-01,2026-05-31,94.9,0,0,95.7,94.9,82.7,12.2,14.8
PERF0006,EMP001,2026-06-01,2026-06-30,90.2,0,0,100.0,90.2,94.9,-4.7,-5.0
PERF0007,EMP002,2026-01-01,2026-01-31,77.7,0,0,76.2,77.7,,0,0
PERF0008,EMP002,2026-02-01,2026-02-28,81.0,0,0,87.5,81.0,77.7,3.3,4.2
PERF0009,EMP002,2026-03-01,2026-03-31,87.8,0,0,67.4,87.8,81.0,6.8,8.4
PERF0010,EMP002,2026-04-01,2026-04-30,85.6,0,0,80.0,85.6,87.8,-2.2,-2.5
PERF0011,EMP002,2026-05-01,2026-05-31,80.6,0,0,82.5,80.6,85.6,-5.0,-5.8
PERF0012,EMP002,2026-06-01,2026-06-30,81.9,0,0,70.1,81.9,80.6,1.3,1.6
PERF0013,EMP003,2026-01-01,2026-01-31,92.6,0,0,99.9,92.6,,0,0
PERF0014,EMP003,2026-02-01,2026-02-28,91.2,0,0,85.6,91.2,92.6,-1.4,-1.5
PERF0015,EMP003,2026-03-01,2026-03-31,95.9,0,0,100.0,95.9,91.2,4.7,5.2
PERF0016,EMP003,2026-04-01,2026-04-30,95.9,0,0,95.0,95.9,95.9,0.0,0.0
PERF0017,EMP003,2026-05-01,2026-05-31,95.7,0,0,100.0,95.7,95.9,-0.2,-0.2
PERF0018,EMP003,2026-06-01,2026-06-30,92.9,0,0,95.0,92.9,95.7,-2.8,-2.9
PERF0019,EMP004,2026-01-01,2026-01-31,96.5,0,0,100.0,96.5,,0,0
PERF0020,EMP004,2026-02-01,2026-02-28,94.3,0,0,100.0,94.3,96.5,-2.2,-2.3
PERF0021,EMP004,2026-03-01,2026-03-31,96.6,0,0,97.5,96.6,94.3,2.3,2.4
PERF0022,EMP004,2026-04-01,2026-04-30,94.5,0,0,92.5,94.5,96.6,-2.1,-2.2
PERF0023,EMP004,2026-05-01,2026-05-31,84.8,0,0,93.8,84.8,94.5,-9.7,-10.3
PERF0024,EMP004,2026-06-01,2026-06-30,95.3,0,0,97.5,95.3,84.8,10.5,12.4
PERF0025,EMP005,2026-01-01,2026-01-31,72.4,0,0,77.5,72.4,,0,0
PERF0026,EMP005,2026-02-01,2026-02-28,66.5,0,0,62.5,66.5,72.4,-5.9,-8.1
PERF0027,EMP005,2026-03-01,2026-03-31,64.4,0,0,81.2,64.4,66.5,-2.1,-3.2
PERF0028,EMP005,2026-04-01,2026-04-30,73.9,0,0,70.0,73.9,64.4,9.5,14.8
PERF0029,EMP005,2026-05-01,2026-05-31,80.5,0,0,85.0,80.5,73.9,6.6,8.9
PERF0030,EMP005,2026-06-01,2026-06-30,73.6,0,0,75.0,73.6,80.5,-6.9,-8.6
PERF0031,EMP006,2026-01-01,2026-01-31,82.2,0,0,66.0,82.2,,0,0
PERF0032,EMP006,2026-02-01,2026-02-28,83.8,0,0,77.8,83.8,82.2,1.6,1.9
PERF0033,EMP006,2026-03-01,2026-03-31,89.4,0,0,92.5,89.4,83.8,5.6,6.7
PERF0034,EMP006,2026-04-01,2026-04-30,83.5,0,0,81.2,83.5,89.4,-5.9,-6.6
PERF0035,EMP006,2026-05-01,2026-05-31,79.9,0,0,79.5,79.9,83.5,-3.6,-4.3
PERF0036,EMP006,2026-06-01,2026-06-30,88.6,0,0,95.0,88.6,79.9,8.7,10.9
PERF0037,EMP007,2026-01-01,2026-01-31,92.3,0,0,81.0,92.3,,0,0
PERF0038,EMP007,2026-02-01,2026-02-28,88.2,0,0,77.1,88.2,92.3,-4.1,-4.4
PERF0039,EMP007,2026-03-01,2026-03-31,96.5,0,0,92.5,96.5,88.2,8.3,9.4
PERF0040,EMP007,2026-04-01,2026-04-30,89.4,0,0,88.8,89.4,96.5,-7.1,-7.4
PERF0041,EMP007,2026-05-01,2026-05-31,91.6,0,0,100.0,91.6,89.4,2.2,2.5
PERF0042,EMP007,2026-06-01,2026-06-30,96.0,0,0,87.6,96.0,91.6,4.4,4.8
PERF0043,EMP008,2026-01-01,2026-01-31,92.8,0,0,100.0,92.8,,0,0
PERF0044,EMP008,2026-02-01,2026-02-28,90.2,0,0,87.5,90.2,92.8,-2.6,-2.8
PERF0045,EMP008,2026-03-01,2026-03-31,96.7,0,0,100.0,96.7,90.2,6.5,7.2
PERF0046,EMP008,2026-04-01,2026-04-30,88.7,0,0,77.1,88.7,96.7,-8.0,-8.3
PERF0047,EMP008,2026-05-01,2026-05-31,94.7,0,0,100.0,94.7,88.7,6.0,6.8
PERF0048,EMP008,2026-06-01,2026-06-30,89.1,0,0,72.6,89.1,94.7,-5.6,-5.9
PERF0049,EMP009,2026-01-01,2026-01-31,93.0,0,0,84.4,93.0,,0,0
PERF0050,EMP009,2026-02-01,2026-02-28,95.9,0,0,97.5,95.9,93.0,2.9,3.1
PERF0051,EMP009,2026-03-01,2026-03-31,95.4,0,0,91.5,95.4,95.9,-0.5,-0.5
PERF0052,EMP009,2026-04-01,2026-04-30,92.6,0,0,77.0,92.6,95.4,-2.8,-2.9
PERF0053,EMP009,2026-05-01,2026-05-31,92.1,0,0,100.0,92.1,92.6,-0.5,-0.5
PERF0054,EMP009,2026-06-01,2026-06-30,93.4,0,0,80.2,93.4,92.1,1.3,1.4
PERF0055,EMP010,2026-01-01,2026-01-31,86.0,0,0,80.2,86.0,,0,0
PERF0056,EMP010,2026-02-01,2026-02-28,95.9,0,0,92.5,95.9,86.0,9.9,11.5
PERF0057,EMP010,2026-03-01,2026-03-31,96.5,0,0,100.0,96.5,95.9,0.6,0.6
PERF0058,EMP010,2026-04-01,2026-04-30,92.4,0,0,86.9,92.4,96.5,-4.1,-4.2
PERF0059,EMP010,2026-05-01,2026-05-31,94.5,0,0,100.0,94.5,92.4,2.1,2.3
PERF0060,EMP010,2026-06-01,2026-06-30,97.1,0,0,100.0,97.1,94.5,2.6,2.8
PERF0061,EMP011,2026-01-01,2026-01-31,82.2,0,0,82.5,82.2,,0,0
PERF0062,EMP011,2026-02-01,2026-02-28,87.6,0,0,87.5,87.6,82.2,5.4,6.6
PERF0063,EMP011,2026-03-01,2026-03-31,83.6,0,0,70.6,83.6,87.6,-4.0,-4.6
PERF0064,EMP011,2026-04-01,2026-04-30,83.5,0,0,100.0,83.5,83.6,-0.1,-0.1
PERF0065,EMP011,2026-05-01,2026-05-31,77.9,0,0,65.6,77.9,83.5,-5.6,-6.7
PERF0066,EMP011,2026-06-01,2026-06-30,86.8,0,0,77.5,86.8,77.9,8.9,11.4
PERF0067,EMP012,2026-01-01,2026-01-31,95.5,0,0,95.6,95.5,,0,0
PERF0068,EMP012,2026-02-01,2026-02-28,95.0,0,0,100.0,95.0,95.5,-0.5,-0.5
PERF0069,EMP012,2026-03-01,2026-03-31,94.5,0,0,97.5,94.5,95.0,-0.5,-0.5
PERF0070,EMP012,2026-04-01,2026-04-30,89.7,0,0,81.1,89.7,94.5,-4.8,-5.1
PERF0071,EMP012,2026-05-01,2026-05-31,92.1,0,0,95.0,92.1,89.7,2.4,2.7
PERF0072,EMP012,2026-06-01,2026-06-30,93.5,0,0,88.1,93.5,92.1,1.4,1.5
PERF0073,EMP013,2026-01-01,2026-01-31,92.2,0,0,100.0,92.2,,0,0
PERF0074,EMP013,2026-02-01,2026-02-28,93.5,0,0,100.0,93.5,92.2,1.3,1.4
PERF0075,EMP013,2026-03-01,2026-03-31,87.3,0,0,75.9,87.3,93.5,-6.2,-6.6
PERF0076,EMP013,2026-04-01,2026-04-30,91.1,0,0,95.4,91.1,87.3,3.8,4.4
PERF0077,EMP013,2026-05-01,2026-05-31,91.5,0,0,100.0,91.5,91.1,0.4,0.4
PERF0078,EMP013,2026-06-01,2026-06-30,92.3,0,0,100.0,92.3,91.5,0.8,0.9
PERF0079,EMP014,2026-01-01,2026-01-31,39.6,0,0,28.7,39.6,,0,0
PERF0080,EMP014,2026-02-01,2026-02-28,50.8,0,0,72.5,50.8,39.6,11.2,28.3
PERF0081,EMP014,2026-03-01,2026-03-31,57.0,0,0,41.8,57.0,50.8,6.2,12.2
PERF0082,EMP014,2026-04-01,2026-04-30,48.8,0,0,34.6,48.8,57.0,-8.2,-14.4
PERF0083,EMP014,2026-05-01,2026-05-31,40.4,0,0,41.6,40.4,48.8,-8.4,-17.2
PERF0084,EMP014,2026-06-01,2026-06-30,60.3,0,0,66.2,60.3,40.4,19.9,49.3
PERF0085,EMP015,2026-01-01,2026-01-31,98.8,0,0,100.0,98.8,,0,0
PERF0086,EMP015,2026-02-01,2026-02-28,98.4,0,0,100.0,98.4,98.8,-0.4,-0.4
PERF0087,EMP015,2026-03-01,2026-03-31,98.5,0,0,100.0,98.5,98.4,0.1,0.1
PERF0088,EMP015,2026-04-01,2026-04-30,98.1,0,0,97.6,98.1,98.5,-0.4,-0.4
PERF0089,EMP015,2026-05-01,2026-05-31,98.6,0,0,100.0,98.6,98.1,0.5,0.5
PERF0090,EMP015,2026-06-01,2026-06-30,98.8,0,0,100.0,98.8,98.6,0.2,0.2
PERF0091,EMP016,2026-01-01,2026-01-31,93.1,0,0,78.2,93.1,,0,0
PERF0092,EMP016,2026-02-01,2026-02-28,97.0,0,0,100.0,97.0,93.1,3.9,4.2
PERF0093,EMP016,2026-03-01,2026-03-31,95.8,0,0,100.0,95.8,97.0,-1.2,-1.2
PERF0094,EMP016,2026-04-01,2026-04-30,93.1,0,0,94.9,93.1,95.8,-2.7,-2.8
PERF0095,EMP016,2026-05-01,2026-05-31,93.7,0,0,94.9,93.7,93.1,0.6,0.6
PERF0096,EMP016,2026-06-01,2026-06-30,88.0,0,0,100.0,88.0,93.7,-5.7,-6.1
PERF0097,EMP017,2026-01-01,2026-01-31,92.7,0,0,92.3,92.7,,0,0
PERF0098,EMP017,2026-02-01,2026-02-28,97.7,0,0,100.0,97.7,92.7,5.0,5.4
PERF0099,EMP017,2026-03-01,2026-03-31,92.6,0,0,75.0,92.6,97.7,-5.1,-5.2
PERF0100,EMP017,2026-04-01,2026-04-30,94.8,0,0,100.0,94.8,92.6,2.2,2.4
PERF0101,EMP017,2026-05-01,2026-05-31,90.7,0,0,87.9,90.7,94.8,-4.1,-4.3
PERF0102,EMP017,2026-06-01,2026-06-30,97.1,0,0,100.0,97.1,90.7,6.4,7.1
PERF0103,EMP018,2026-01-01,2026-01-31,80.8,0,0,93.6,80.8,,0,0
PERF0104,EMP018,2026-02-01,2026-02-28,83.3,0,0,62.6,83.3,80.8,2.5,3.1
PERF0105,EMP018,2026-03-01,2026-03-31,84.8,0,0,97.4,84.8,83.3,1.5,1.8
PERF0106,EMP018,2026-04-01,2026-04-30,85.0,0,0,94.9,85.0,84.8,0.2,0.2
PERF0107,EMP018,2026-05-01,2026-05-31,82.7,0,0,87.1,82.7,85.0,-2.3,-2.7
PERF0108,EMP018,2026-06-01,2026-06-30,83.0,0,0,73.8,83.0,82.7,0.3,0.4
PERF0109,EMP019,2026-01-01,2026-01-31,91.2,0,0,96.5,91.2,,0,0
PERF0110,EMP019,2026-02-01,2026-02-28,91.8,0,0,83.2,91.8,91.2,0.6,0.7
PERF0111,EMP019,2026-03-01,2026-03-31,93.2,0,0,72.7,93.2,91.8,1.4,1.5
PERF0112,EMP019,2026-04-01,2026-04-30,96.0,0,0,100.0,96.0,93.2,2.8,3.0
PERF0113,EMP019,2026-05-01,2026-05-31,91.9,0,0,84.1,91.9,96.0,-4.1,-4.3
PERF0114,EMP019,2026-06-01,2026-06-30,87.9,0,0,80.0,87.9,91.9,-4.0,-4.4
PERF0115,EMP020,2026-01-01,2026-01-31,90.3,0,0,92.3,90.3,,0,0
PERF0116,EMP020,2026-02-01,2026-02-28,88.8,0,0,97.4,88.8,90.3,-1.5,-1.7
PERF0117,EMP020,2026-03-01,2026-03-31,93.3,0,0,100.0,93.3,88.8,4.5,5.1
PERF0118,EMP020,2026-04-01,2026-04-30,94.4,0,0,100.0,94.4,93.3,1.1,1.2
PERF0119,EMP020,2026-05-01,2026-05-31,93.4,0,0,94.9,93.4,94.4,-1.0,-1.1
PERF0120,EMP020,2026-06-01,2026-06-30,93.7,0,0,100.0,93.7,93.4,0.3,0.3
PERF0121,EMP021,2026-01-01,2026-01-31,72.2,0,0,74.4,72.2,,0,0
PERF0122,EMP021,2026-02-01,2026-02-28,65.8,0,0,84.6,65.8,72.2,-6.4,-8.9
PERF0123,EMP021,2026-03-01,2026-03-31,66.1,0,0,71.8,66.1,65.8,0.3,0.5
PERF0124,EMP021,2026-04-01,2026-04-30,61.4,0,0,87.2,61.4,66.1,-4.7,-7.1
PERF0125,EMP021,2026-05-01,2026-05-31,75.6,0,0,47.6,75.6,61.4,14.2,23.1
PERF0126,EMP021,2026-06-01,2026-06-30,70.7,0,0,82.1,70.7,75.6,-4.9,-6.5
PERF0127,EMP022,2026-01-01,2026-01-31,94.8,0,0,100.0,94.8,,0,0
PERF0128,EMP022,2026-02-01,2026-02-28,91.7,0,0,94.9,91.7,94.8,-3.1,-3.3
PERF0129,EMP022,2026-03-01,2026-03-31,88.7,0,0,68.2,88.7,91.7,-3.0,-3.3
PERF0130,EMP022,2026-04-01,2026-04-30,92.8,0,0,91.4,92.8,88.7,4.1,4.6
PERF0131,EMP022,2026-05-01,2026-05-31,95.3,0,0,96.2,95.3,92.8,2.5,2.7
PERF0132,EMP022,2026-06-01,2026-06-30,94.0,0,0,100.0,94.0,95.3,-1.3,-1.4
PERF0133,EMP023,2026-01-01,2026-01-31,96.5,0,0,100.0,96.5,,0,0
PERF0134,EMP023,2026-02-01,2026-02-28,98.3,0,0,100.0,98.3,96.5,1.8,1.9
PERF0135,EMP023,2026-03-01,2026-03-31,94.0,0,0,92.7,94.0,98.3,-4.3,-4.4
PERF0136,EMP023,2026-04-01,2026-04-30,95.9,0,0,91.4,95.9,94.0,1.9,2.0
PERF0137,EMP023,2026-05-01,2026-05-31,96.2,0,0,98.7,96.2,95.9,0.3,0.3
PERF0138,EMP023,2026-06-01,2026-06-30,93.9,0,0,100.0,93.9,96.2,-2.3,-2.4
PERF0139,EMP024,2026-01-01,2026-01-31,90.8,0,0,75.8,90.8,,0,0
PERF0140,EMP024,2026-02-01,2026-02-28,80.8,0,0,64.4,80.8,90.8,-10.0,-11.0
PERF0141,EMP024,2026-03-01,2026-03-31,87.7,0,0,87.2,87.7,80.8,6.9,8.5
PERF0142,EMP024,2026-04-01,2026-04-30,82.9,0,0,56.0,82.9,87.7,-4.8,-5.5
PERF0143,EMP024,2026-05-01,2026-05-31,92.3,0,0,100.0,92.3,82.9,9.4,11.3
PERF0144,EMP024,2026-06-01,2026-06-30,85.6,0,0,94.9,85.6,92.3,-6.7,-7.3
PERF0145,EMP025,2026-01-01,2026-01-31,67.4,0,0,61.4,67.4,,0,0
PERF0146,EMP025,2026-02-01,2026-02-28,71.5,0,0,32.9,71.5,67.4,4.1,6.1
PERF0147,EMP025,2026-03-01,2026-03-31,67.9,0,0,59.4,67.9,71.5,-3.6,-5.0
PERF0148,EMP025,2026-04-01,2026-04-30,74.5,0,0,75.6,74.5,67.9,6.6,9.7
PERF0149,EMP025,2026-05-01,2026-05-31,60.9,0,0,60.9,60.9,74.5,-13.6,-18.3
PERF0150,EMP025,2026-06-01,2026-06-30,80.8,0,0,76.9,80.8,60.9,19.9,32.7
PERF0151,EMP026,2026-01-01,2026-01-31,89.4,0,0,76.3,89.4,,0,0
PERF0152,EMP026,2026-02-01,2026-02-28,96.3,0,0,100.0,96.3,89.4,6.9,7.7
PERF0153,EMP026,2026-03-01,2026-03-31,90.8,0,0,94.3,90.8,96.3,-5.5,-5.7
PERF0154,EMP026,2026-04-01,2026-04-30,90.0,0,0,90.2,90.0,90.8,-0.8,-0.9
PERF0155,EMP026,2026-05-01,2026-05-31,93.8,0,0,100.0,93.8,90.0,3.8,4.2
PERF0156,EMP026,2026-06-01,2026-06-30,91.6,0,0,95.4,91.6,93.8,-2.2,-2.3
PERF0157,EMP027,2026-01-01,2026-01-31,78.5,0,0,95.1,78.5,,0,0
PERF0158,EMP027,2026-02-01,2026-02-28,73.1,0,0,57.7,73.1,78.5,-5.4,-6.9
PERF0159,EMP027,2026-03-01,2026-03-31,82.2,0,0,86.6,82.2,73.1,9.1,12.4
PERF0160,EMP027,2026-04-01,2026-04-30,72.7,0,0,54.5,72.7,82.2,-9.5,-11.6
PERF0161,EMP027,2026-05-01,2026-05-31,83.2,0,0,85.4,83.2,72.7,10.5,14.4
PERF0162,EMP027,2026-06-01,2026-06-30,85.1,0,0,87.3,85.1,83.2,1.9,2.3
PERF0163,EMP028,2026-01-01,2026-01-31,78.0,0,0,85.4,78.0,,0,0
PERF0164,EMP028,2026-02-01,2026-02-28,64.5,0,0,41.1,64.5,78.0,-13.5,-17.3
PERF0165,EMP028,2026-03-01,2026-03-31,68.7,0,0,70.7,68.7,64.5,4.2,6.5
PERF0166,EMP028,2026-04-01,2026-04-30,75.8,0,0,80.5,75.8,68.7,7.1,10.3
PERF0167,EMP028,2026-05-01,2026-05-31,56.4,0,0,65.0,56.4,75.8,-19.4,-25.6
PERF0168,EMP028,2026-06-01,2026-06-30,76.2,0,0,80.5,76.2,56.4,19.8,35.1
PERF0169,EMP029,2026-01-01,2026-01-31,87.9,0,0,86.6,87.9,,0,0
PERF0170,EMP029,2026-02-01,2026-02-28,96.0,0,0,97.6,96.0,87.9,8.1,9.2
PERF0171,EMP029,2026-03-01,2026-03-31,89.0,0,0,83.0,89.0,96.0,-7.0,-7.3
PERF0172,EMP029,2026-04-01,2026-04-30,92.0,0,0,80.7,92.0,89.0,3.0,3.4
PERF0173,EMP029,2026-05-01,2026-05-31,91.7,0,0,98.8,91.7,92.0,-0.3,-0.3
PERF0174,EMP029,2026-06-01,2026-06-30,92.2,0,0,97.6,92.2,91.7,0.5,0.5
PERF0175,EMP030,2026-01-01,2026-01-31,61.8,0,0,21.6,61.8,,0,0
PERF0176,EMP030,2026-02-01,2026-02-28,54.7,0,0,51.7,54.7,61.8,-7.1,-11.5
PERF0177,EMP030,2026-03-01,2026-03-31,42.0,0,0,50.7,42.0,54.7,-12.7,-23.2
PERF0178,EMP030,2026-04-01,2026-04-30,67.7,0,0,73.2,67.7,42.0,25.7,61.2
PERF0179,EMP030,2026-05-01,2026-05-31,38.3,0,0,56.7,38.3,67.7,-29.4,-43.4
PERF0180,EMP030,2026-06-01,2026-06-30,70.2,0,0,69.5,70.2,38.3,31.9,83.3
PERF0181,EMP031,2026-01-01,2026-01-31,83.8,0,0,70.2,83.8,,0,0
PERF0182,EMP031,2026-02-01,2026-02-28,81.4,0,0,92.7,81.4,83.8,-2.4,-2.9
PERF0183,EMP031,2026-03-01,2026-03-31,83.1,0,0,90.2,83.1,81.4,1.7,2.1
PERF0184,EMP031,2026-04-01,2026-04-30,79.9,0,0,79.0,79.9,83.1,-3.2,-3.9
PERF0185,EMP031,2026-05-01,2026-05-31,83.4,0,0,82.9,83.4,79.9,3.5,4.4
PERF0186,EMP031,2026-06-01,2026-06-30,89.3,0,0,80.5,89.3,83.4,5.9,7.1
PERF0187,EMP032,2026-01-01,2026-01-31,92.5,0,92.0,96.4,92.5,,0,0
PERF0188,EMP032,2026-02-01,2026-02-28,86.7,0,81.2,100.0,86.7,92.5,-5.8,-6.3
PERF0189,EMP032,2026-03-01,2026-03-31,83.6,0,78.3,100.0,83.6,86.7,-3.1,-3.6
PERF0190,EMP032,2026-04-01,2026-04-30,88.2,0,73.9,100.0,88.2,83.6,4.6,5.5
PERF0191,EMP032,2026-05-01,2026-05-31,90.9,0,80.7,100.0,90.9,88.2,2.7,3.1
PERF0192,EMP032,2026-06-01,2026-06-30,85.3,0,78.5,78.1,85.3,90.9,-5.6,-6.2
PERF0193,EMP033,2026-01-01,2026-01-31,63.2,0,54.3,69.3,63.2,,0,0
PERF0194,EMP033,2026-02-01,2026-02-28,63.3,0,39.9,85.3,63.3,63.2,0.1,0.2
PERF0195,EMP033,2026-03-01,2026-03-31,52.3,0,38.4,88.0,52.3,63.3,-11.0,-17.4
PERF0196,EMP033,2026-04-01,2026-04-30,62.9,0,57.5,77.3,62.9,52.3,10.6,20.3
PERF0197,EMP033,2026-05-01,2026-05-31,57.2,0,55.1,36.8,57.2,62.9,-5.7,-9.1
PERF0198,EMP033,2026-06-01,2026-06-30,60.8,0,45.6,73.7,60.8,57.2,3.6,6.3
PERF0199,EMP034,2026-01-01,2026-01-31,39.2,0,37.1,54.7,39.2,,0,0
PERF0200,EMP034,2026-02-01,2026-02-28,40.0,0,41.9,73.3,40.0,39.2,0.8,2.0
PERF0201,EMP034,2026-03-01,2026-03-31,47.6,0,23.6,66.7,47.6,40.0,7.6,19.0
PERF0202,EMP034,2026-04-01,2026-04-30,49.5,0,31.8,51.1,49.5,47.6,1.9,4.0
PERF0203,EMP034,2026-05-01,2026-05-31,44.9,0,50.2,80.0,44.9,49.5,-4.6,-9.3
PERF0204,EMP034,2026-06-01,2026-06-30,54.0,0,30.0,72.0,54.0,44.9,9.1,20.3
PERF0205,EMP035,2026-01-01,2026-01-31,75.1,0,53.3,100.0,75.1,,0,0
PERF0206,EMP035,2026-02-01,2026-02-28,80.7,0,68.9,88.1,80.7,75.1,5.6,7.5
PERF0207,EMP035,2026-03-01,2026-03-31,76.7,0,69.5,69.2,76.7,80.7,-4.0,-5.0
PERF0208,EMP035,2026-04-01,2026-04-30,76.2,0,64.4,51.5,76.2,76.7,-0.5,-0.7
PERF0209,EMP035,2026-05-01,2026-05-31,78.7,0,55.0,98.7,78.7,76.2,2.5,3.3
PERF0210,EMP035,2026-06-01,2026-06-30,83.1,0,64.7,86.7,83.1,78.7,4.4,5.6
PERF0211,EMP036,2026-01-01,2026-01-31,92.5,0,0,100.0,92.5,,0,0
PERF0212,EMP036,2026-02-01,2026-02-28,90.4,0,0,92.3,90.4,92.5,-2.1,-2.3
PERF0213,EMP036,2026-03-01,2026-03-31,89.8,0,0,100.0,89.8,90.4,-0.6,-0.7
PERF0214,EMP036,2026-04-01,2026-04-30,94.7,0,0,90.1,94.7,89.8,4.9,5.5
PERF0215,EMP036,2026-05-01,2026-05-31,89.9,0,0,100.0,89.9,94.7,-4.8,-5.1
PERF0216,EMP036,2026-06-01,2026-06-30,91.8,0,0,82.8,91.8,89.9,1.9,2.1
PERF0217,EMP037,2026-01-01,2026-01-31,64.6,0,0,82.1,64.6,,0,0
PERF0218,EMP037,2026-02-01,2026-02-28,66.4,0,0,82.1,66.4,64.6,1.8,2.8
PERF0219,EMP037,2026-03-01,2026-03-31,67.3,0,0,87.2,67.3,66.4,0.9,1.4
PERF0220,EMP037,2026-04-01,2026-04-30,45.1,0,0,55.3,45.1,67.3,-22.2,-33.0
PERF0221,EMP037,2026-05-01,2026-05-31,65.3,0,0,59.2,65.3,45.1,20.2,44.8
PERF0222,EMP037,2026-06-01,2026-06-30,73.7,0,0,84.6,73.7,65.3,8.4,12.9
PERF0223,EMP038,2026-01-01,2026-01-31,88.0,0,0,94.9,88.0,,0,0
PERF0224,EMP038,2026-02-01,2026-02-28,87.4,0,0,100.0,87.4,88.0,-0.6,-0.7
PERF0225,EMP038,2026-03-01,2026-03-31,86.5,0,0,95.1,86.5,87.4,-0.9,-1.0
PERF0226,EMP038,2026-04-01,2026-04-30,87.2,0,0,82.4,87.2,86.5,0.7,0.8
PERF0227,EMP038,2026-05-01,2026-05-31,86.0,0,0,100.0,86.0,87.2,-1.2,-1.4
PERF0228,EMP038,2026-06-01,2026-06-30,90.3,0,0,89.7,90.3,86.0,4.3,5.0
PERF0229,EMP039,2026-01-01,2026-01-31,47.8,0,0,42.1,47.8,,0,0
PERF0230,EMP039,2026-02-01,2026-02-28,52.0,0,0,74.4,52.0,47.8,4.2,8.8
PERF0231,EMP039,2026-03-01,2026-03-31,46.0,0,0,70.5,46.0,52.0,-6.0,-11.5
PERF0232,EMP039,2026-04-01,2026-04-30,52.0,0,0,53.8,52.0,46.0,6.0,13.0
PERF0233,EMP039,2026-05-01,2026-05-31,51.0,0,0,74.4,51.0,52.0,-1.0,-1.9
PERF0234,EMP039,2026-06-01,2026-06-30,52.0,0,0,56.4,52.0,51.0,1.0,2.0
PERF0235,EMP040,2026-01-01,2026-01-31,84.3,0,0,94.9,84.3,,0,0
PERF0236,EMP040,2026-02-01,2026-02-28,80.3,0,0,98.3,80.3,84.3,-4.0,-4.7
PERF0237,EMP040,2026-03-01,2026-03-31,81.9,0,0,94.9,81.9,80.3,1.6,2.0
PERF0238,EMP040,2026-04-01,2026-04-30,63.0,0,0,87.2,63.0,81.9,-18.9,-23.1
PERF0239,EMP040,2026-05-01,2026-05-31,82.5,0,0,97.4,82.5,63.0,19.5,31.0
PERF0240,EMP040,2026-06-01,2026-06-30,84.7,0,0,82.1,84.7,82.5,2.2,2.7
PERF0241,EMP041,2026-01-01,2026-01-31,52.9,0,0,35.4,52.9,,0,0
PERF0242,EMP041,2026-02-01,2026-02-28,64.4,0,0,56.7,64.4,52.9,11.5,21.7
PERF0243,EMP041,2026-03-01,2026-03-31,68.3,0,0,83.3,68.3,64.4,3.9,6.1
PERF0244,EMP041,2026-04-01,2026-04-30,68.3,0,0,50.5,68.3,68.3,0.0,0.0
PERF0245,EMP041,2026-05-01,2026-05-31,70.0,0,0,83.3,70.0,68.3,1.7,2.5
PERF0246,EMP041,2026-06-01,2026-06-30,56.2,0,0,53.7,56.2,70.0,-13.8,-19.7
PERF0247,EMP042,2026-01-01,2026-01-31,88.5,80.0,87.5,0,88.5,,0,0
PERF0248,EMP042,2026-02-01,2026-02-28,91.1,80.0,86.8,0,91.1,88.5,2.6,2.9
PERF0249,EMP042,2026-03-01,2026-03-31,87.2,78.0,70.6,0,87.2,91.1,-3.9,-4.3
PERF0250,EMP042,2026-04-01,2026-04-30,92.2,84.0,85.0,0,92.2,87.2,5.0,5.7
PERF0251,EMP042,2026-05-01,2026-05-31,89.2,78.0,86.7,0,89.2,92.2,-3.0,-3.3
PERF0252,EMP042,2026-06-01,2026-06-30,87.0,80.0,72.6,0,87.0,89.2,-2.2,-2.5
PERF0253,EMP043,2026-01-01,2026-01-31,76.5,68.0,65.1,0,76.5,,0,0
PERF0254,EMP043,2026-02-01,2026-02-28,80.1,70.0,60.3,0,80.1,76.5,3.6,4.7
PERF0255,EMP043,2026-03-01,2026-03-31,79.8,70.0,67.6,0,79.8,80.1,-0.3,-0.4
PERF0256,EMP043,2026-04-01,2026-04-30,80.7,74.0,59.4,0,80.7,79.8,0.9,1.1
PERF0257,EMP043,2026-05-01,2026-05-31,77.8,68.0,55.2,0,77.8,80.7,-2.9,-3.6
PERF0258,EMP043,2026-06-01,2026-06-30,79.3,72.0,60.1,0,79.3,77.8,1.5,1.9
PERF0259,EMP044,2026-01-01,2026-01-31,51.7,52.0,23.8,0,51.7,,0,0
PERF0260,EMP044,2026-02-01,2026-02-28,64.9,60.0,44.6,0,64.9,51.7,13.2,25.5
PERF0261,EMP044,2026-03-01,2026-03-31,63.6,54.0,39.5,0,63.6,64.9,-1.3,-2.0
PERF0262,EMP044,2026-04-01,2026-04-30,56.3,50.0,29.9,0,56.3,63.6,-7.3,-11.5
PERF0263,EMP044,2026-05-01,2026-05-31,58.1,44.0,37.6,0,58.1,56.3,1.8,3.2
PERF0264,EMP044,2026-06-01,2026-06-30,48.6,44.0,28.8,0,48.6,58.1,-9.5,-16.4
PERF0265,EMP045,2026-01-01,2026-01-31,78.1,68.0,56.5,0,78.1,,0,0
PERF0266,EMP045,2026-02-01,2026-02-28,79.2,70.0,65.0,0,79.2,78.1,1.1,1.4
PERF0267,EMP045,2026-03-01,2026-03-31,80.6,78.0,63.8,0,80.6,79.2,1.4,1.8
PERF0268,EMP045,2026-04-01,2026-04-30,83.5,68.0,72.9,0,83.5,80.6,2.9,3.6
PERF0269,EMP045,2026-05-01,2026-05-31,83.2,78.0,64.4,0,83.2,83.5,-0.3,-0.4
PERF0270,EMP045,2026-06-01,2026-06-30,80.2,70.0,66.9,0,80.2,83.2,-3.0,-3.6
PERF0271,EMP046,2026-01-01,2026-01-31,83.4,74.0,67.9,0,83.4,,0,0
PERF0272,EMP046,2026-02-01,2026-02-28,79.8,68.0,71.9,0,79.8,83.4,-3.6,-4.3
PERF0273,EMP046,2026-03-01,2026-03-31,81.3,80.0,58.4,0,81.3,79.8,1.5,1.9
PERF0274,EMP046,2026-04-01,2026-04-30,79.3,74.0,53.3,0,79.3,81.3,-2.0,-2.5
PERF0275,EMP046,2026-05-01,2026-05-31,76.1,70.0,51.3,0,76.1,79.3,-3.2,-4.0
PERF0276,EMP046,2026-06-01,2026-06-30,78.3,66.0,67.8,0,78.3,76.1,2.2,2.9
PERF0277,EMP047,2026-01-01,2026-01-31,44.2,48.0,33.1,0,44.2,,0,0
PERF0278,EMP047,2026-02-01,2026-02-28,47.7,50.0,38.0,0,47.7,44.2,3.5,7.9
PERF0279,EMP047,2026-03-01,2026-03-31,46.9,52.0,30.2,0,46.9,47.7,-0.8,-1.7
PERF0280,EMP047,2026-04-01,2026-04-30,45.1,46.0,38.2,0,45.1,46.9,-1.8,-3.8
PERF0281,EMP047,2026-05-01,2026-05-31,46.4,44.0,33.4,0,46.4,45.1,1.3,2.9
PERF0282,EMP047,2026-06-01,2026-06-30,41.6,46.0,38.8,0,41.6,46.4,-4.8,-10.3
PERF0283,EMP048,2026-01-01,2026-01-31,48.4,52.0,38.6,0,48.4,,0,0
PERF0284,EMP048,2026-02-01,2026-02-28,57.7,58.0,39.8,0,57.7,48.4,9.3,19.2
PERF0285,EMP048,2026-03-01,2026-03-31,60.3,58.0,40.1,0,60.3,57.7,2.6,4.5
PERF0286,EMP048,2026-04-01,2026-04-30,66.6,62.0,62.3,0,66.6,60.3,6.3,10.4
PERF0287,EMP048,2026-05-01,2026-05-31,57.4,62.0,34.3,0,57.4,66.6,-9.2,-13.8
PERF0288,EMP048,2026-06-01,2026-06-30,58.5,58.0,46.7,0,58.5,57.4,1.1,1.9
PERF0289,EMP049,2026-01-01,2026-01-31,37.4,52.0,28.8,0,37.4,,0,0
PERF0290,EMP049,2026-02-01,2026-02-28,31.3,48.0,27.2,0,31.3,37.4,-6.1,-16.3
PERF0291,EMP049,2026-03-01,2026-03-31,38.2,50.0,35.4,0,38.2,31.3,6.9,22.0
PERF0292,EMP049,2026-04-01,2026-04-30,45.2,48.0,34.7,0,45.2,38.2,7.0,18.3
PERF0293,EMP049,2026-05-01,2026-05-31,32.5,54.0,19.9,0,32.5,45.2,-12.7,-28.1
PERF0294,EMP049,2026-06-01,2026-06-30,35.0,48.0,39.5,0,35.0,32.5,2.5,7.7
PERF0295,EMP050,2026-01-01,2026-01-31,69.4,78.0,79.3,0,69.4,,0,0
PERF0296,EMP050,2026-02-01,2026-02-28,74.0,82.0,76.2,0,74.0,69.4,4.6,6.6
PERF0297,EMP050,2026-03-01,2026-03-31,69.7,76.0,83.7,0,69.7,74.0,-4.3,-5.8
PERF0298,EMP050,2026-04-01,2026-04-30,71.2,80.0,92.4,0,71.2,69.7,1.5,2.2
PERF0299,EMP050,2026-05-01,2026-05-31,71.2,82.0,77.6,0,71.2,71.2,0.0,0.0
PERF0300,EMP050,2026-06-01,2026-06-30,66.1,78.0,77.5,0,66.1,71.2,-5.1,-7.2
PERF0301,EMP051,2026-01-01,2026-01-31,67.8,76.0,93.2,0,67.8,,0,0
PERF0302,EMP051,2026-02-01,2026-02-28,69.6,80.0,78.6,0,69.6,67.8,1.8,2.7
PERF0303,EMP051,2026-03-01,2026-03-31,66.5,76.0,71.4,0,66.5,69.6,-3.1,-4.5
PERF0304,EMP051,2026-04-01,2026-04-30,72.8,80.0,76.0,0,72.8,66.5,6.3,9.5
PERF0305,EMP051,2026-05-01,2026-05-31,72.4,82.0,83.0,0,72.4,72.8,-0.4,-0.5
PERF0306,EMP051,2026-06-01,2026-06-30,70.6,82.0,78.2,0,70.6,72.4,-1.8,-2.5
PERF0307,EMP052,2026-01-01,2026-01-31,37.2,58.0,38.8,0,37.2,,0,0
PERF0308,EMP052,2026-02-01,2026-02-28,38.3,52.0,32.5,0,38.3,37.2,1.1,3.0
PERF0309,EMP052,2026-03-01,2026-03-31,34.3,48.0,31.9,0,34.3,38.3,-4.0,-10.4
PERF0310,EMP052,2026-04-01,2026-04-30,41.0,58.0,35.8,0,41.0,34.3,6.7,19.5
PERF0311,EMP052,2026-05-01,2026-05-31,42.9,48.0,27.9,0,42.9,41.0,1.9,4.6
PERF0312,EMP052,2026-06-01,2026-06-30,46.0,46.0,37.3,0,46.0,42.9,3.1,7.2
PERF0313,EMP053,2026-01-01,2026-01-31,56.9,66.0,60.2,0,56.9,,0,0
PERF0314,EMP053,2026-02-01,2026-02-28,63.5,70.0,51.2,0,63.5,56.9,6.6,11.6
PERF0315,EMP053,2026-03-01,2026-03-31,60.6,72.0,56.7,0,60.6,63.5,-2.9,-4.6
PERF0316,EMP053,2026-04-01,2026-04-30,61.0,62.0,58.8,0,61.0,60.6,0.4,0.7
PERF0317,EMP053,2026-05-01,2026-05-31,60.7,70.0,61.8,0,60.7,61.0,-0.3,-0.5
PERF0318,EMP053,2026-06-01,2026-06-30,61.7,72.0,61.0,0,61.7,60.7,1.0,1.6
PERF0319,EMP054,2026-01-01,2026-01-31,73.3,76.0,72.4,0,73.3,,0,0
PERF0320,EMP054,2026-02-01,2026-02-28,69.7,76.0,82.8,0,69.7,73.3,-3.6,-4.9
PERF0321,EMP054,2026-03-01,2026-03-31,74.1,78.0,83.1,0,74.1,69.7,4.4,6.3
PERF0322,EMP054,2026-04-01,2026-04-30,67.1,80.0,72.2,0,67.1,74.1,-7.0,-9.4
PERF0323,EMP054,2026-05-01,2026-05-31,66.4,80.0,74.8,0,66.4,67.1,-0.7,-1.0
PERF0324,EMP054,2026-06-01,2026-06-30,67.8,74.0,73.1,0,67.8,66.4,1.4,2.1
PERF0325,EMP055,2026-01-01,2026-01-31,63.0,66.0,71.8,0,63.0,,0,0
PERF0326,EMP055,2026-02-01,2026-02-28,58.8,70.0,59.7,0,58.8,63.0,-4.2,-6.7
PERF0327,EMP055,2026-03-01,2026-03-31,59.6,64.0,61.8,0,59.6,58.8,0.8,1.4
PERF0328,EMP055,2026-04-01,2026-04-30,58.7,72.0,53.8,0,58.7,59.6,-0.9,-1.5
PERF0329,EMP055,2026-05-01,2026-05-31,59.6,62.0,59.8,0,59.6,58.7,0.9,1.5
PERF0330,EMP055,2026-06-01,2026-06-30,62.5,72.0,69.7,0,62.5,59.6,2.9,4.9
PERF0331,EMP056,2026-01-01,2026-01-31,74.3,80.0,92.1,0,74.3,,0,0
PERF0332,EMP056,2026-02-01,2026-02-28,68.2,82.0,86.1,0,68.2,74.3,-6.1,-8.2
PERF0333,EMP056,2026-03-01,2026-03-31,70.6,78.0,78.4,0,70.6,68.2,2.4,3.5
PERF0334,EMP056,2026-04-01,2026-04-30,68.3,78.0,83.1,0,68.3,70.6,-2.3,-3.3
PERF0335,EMP056,2026-05-01,2026-05-31,70.5,82.0,84.1,0,70.5,68.3,2.2,3.2
PERF0336,EMP056,2026-06-01,2026-06-30,64.2,78.0,78.8,0,64.2,70.5,-6.3,-8.9
PERF0337,EMP057,2026-01-01,2026-01-31,59.5,76.0,66.2,0,59.5,,0,0
PERF0338,EMP057,2026-02-01,2026-02-28,62.0,64.0,66.7,0,62.0,59.5,2.5,4.2
PERF0339,EMP057,2026-03-01,2026-03-31,58.7,70.0,55.6,0,58.7,62.0,-3.3,-5.3
PERF0340,EMP057,2026-04-01,2026-04-30,59.0,68.0,66.0,0,59.0,58.7,0.3,0.5
PERF0341,EMP057,2026-05-01,2026-05-31,60.9,72.0,58.8,0,60.9,59.0,1.9,3.2
PERF0342,EMP057,2026-06-01,2026-06-30,64.9,66.0,74.7,0,64.9,60.9,4.0,6.6
PERF0343,EMP058,2026-01-01,2026-01-31,60.2,72.0,60.1,0,60.2,,0,0
PERF0344,EMP058,2026-02-01,2026-02-28,61.6,68.0,61.7,0,61.6,60.2,1.4,2.3
PERF0345,EMP058,2026-03-01,2026-03-31,62.7,66.0,77.8,0,62.7,61.6,1.1,1.8
PERF0346,EMP058,2026-04-01,2026-04-30,63.0,60.0,77.3,0,63.0,62.7,0.3,0.5
PERF0347,EMP058,2026-05-01,2026-05-31,63.1,70.0,73.4,0,63.1,63.0,0.1,0.2
PERF0348,EMP058,2026-06-01,2026-06-30,57.1,74.0,57.9,0,57.1,63.1,-6.0,-9.5
PERF0349,EMP059,2026-01-01,2026-01-31,58.8,0,59.3,0,58.8,,0,0
PERF0350,EMP059,2026-02-01,2026-02-28,59.1,0,67.7,0,59.1,58.8,0.3,0.5
PERF0351,EMP059,2026-03-01,2026-03-31,64.6,0,71.3,0,64.6,59.1,5.5,9.3
PERF0352,EMP059,2026-04-01,2026-04-30,56.5,0,61.1,0,56.5,64.6,-8.1,-12.5
PERF0353,EMP059,2026-05-01,2026-05-31,53.8,0,61.8,0,53.8,56.5,-2.7,-4.8
PERF0354,EMP059,2026-06-01,2026-06-30,63.5,0,63.4,0,63.5,53.8,9.7,18.0
PERF0355,EMP060,2026-01-01,2026-01-31,40.9,0,38.6,0,40.9,,0,0
PERF0356,EMP060,2026-02-01,2026-02-28,30.0,0,22.7,0,30.0,40.9,-10.9,-26.7
PERF0357,EMP060,2026-03-01,2026-03-31,36.9,0,34.4,0,36.9,30.0,6.9,23.0
PERF0358,EMP060,2026-04-01,2026-04-30,34.9,0,26.0,0,34.9,36.9,-2.0,-5.4
PERF0359,EMP060,2026-05-01,2026-05-31,30.3,0,23.0,0,30.3,34.9,-4.6,-13.2
PERF0360,EMP060,2026-06-01,2026-06-30,32.8,0,38.3,0,32.8,30.3,2.5,8.3
PERF0361,EMP061,2026-01-01,2026-01-31,57.0,0,52.8,0,57.0,,0,0
PERF0362,EMP061,2026-02-01,2026-02-28,60.6,0,74.8,0,60.6,57.0,3.6,6.3
PERF0363,EMP061,2026-03-01,2026-03-31,58.8,0,62.4,0,58.8,60.6,-1.8,-3.0
PERF0364,EMP061,2026-04-01,2026-04-30,66.7,0,69.2,0,66.7,58.8,7.9,13.4
PERF0365,EMP061,2026-05-01,2026-05-31,60.3,0,74.6,0,60.3,66.7,-6.4,-9.6
PERF0366,EMP061,2026-06-01,2026-06-30,58.0,0,67.4,0,58.0,60.3,-2.3,-3.8
PERF0367,EMP062,2026-01-01,2026-01-31,42.4,0,20.6,0,42.4,,0,0
PERF0368,EMP062,2026-02-01,2026-02-28,55.2,0,40.8,0,55.2,42.4,12.8,30.2
PERF0369,EMP062,2026-03-01,2026-03-31,54.0,0,30.5,0,54.0,55.2,-1.2,-2.2
PERF0370,EMP062,2026-04-01,2026-04-30,52.4,0,30.9,0,52.4,54.0,-1.6,-3.0
PERF0371,EMP062,2026-05-01,2026-05-31,47.9,0,38.7,0,47.9,52.4,-4.5,-8.6
PERF0372,EMP062,2026-06-01,2026-06-30,49.5,0,39.2,0,49.5,47.9,1.6,3.3
PERF0373,EMP063,2026-01-01,2026-01-31,64.9,0,56.8,0,64.9,,0,0
PERF0374,EMP063,2026-02-01,2026-02-28,65.1,0,48.5,0,65.1,64.9,0.2,0.3
PERF0375,EMP063,2026-03-01,2026-03-31,71.3,0,51.5,0,71.3,65.1,6.2,9.5
PERF0376,EMP063,2026-04-01,2026-04-30,66.8,0,50.4,0,66.8,71.3,-4.5,-6.3
PERF0377,EMP063,2026-05-01,2026-05-31,67.1,0,29.9,0,67.1,66.8,0.3,0.4
PERF0378,EMP063,2026-06-01,2026-06-30,60.6,0,47.3,0,60.6,67.1,-6.5,-9.7
PERF0379,EMP064,2026-01-01,2026-01-31,99.3,0,98.2,0,99.3,,0,0
PERF0380,EMP064,2026-02-01,2026-02-28,97.1,0,97.3,0,97.1,99.3,-2.2,-2.2
PERF0381,EMP064,2026-03-01,2026-03-31,97.6,0,94.0,0,97.6,97.1,0.5,0.5
PERF0382,EMP064,2026-04-01,2026-04-30,96.8,0,91.6,0,96.8,97.6,-0.8,-0.8
PERF0383,EMP064,2026-05-01,2026-05-31,99.0,0,99.3,0,99.0,96.8,2.2,2.3
PERF0384,EMP064,2026-06-01,2026-06-30,97.4,0,91.3,0,97.4,99.0,-1.6,-1.6
PERF0385,EMP065,2026-01-01,2026-01-31,58.5,0,42.5,0,58.5,,0,0
PERF0386,EMP065,2026-02-01,2026-02-28,47.8,0,22.5,0,47.8,58.5,-10.7,-18.3
PERF0387,EMP065,2026-03-01,2026-03-31,46.4,0,47.6,0,46.4,47.8,-1.4,-2.9
PERF0388,EMP065,2026-04-01,2026-04-30,54.8,0,17.2,0,54.8,46.4,8.4,18.1
PERF0389,EMP065,2026-05-01,2026-05-31,51.0,0,30.4,0,51.0,54.8,-3.8,-6.9
PERF0390,EMP065,2026-06-01,2026-06-30,26.2,0,25.4,0,26.2,51.0,-24.8,-48.6
PERF0391,EMP066,2026-01-01,2026-01-31,83.4,0,70.2,0,83.4,,0,0
PERF0392,EMP066,2026-02-01,2026-02-28,76.2,0,54.6,0,76.2,83.4,-7.2,-8.6
PERF0393,EMP066,2026-03-01,2026-03-31,81.0,0,65.5,0,81.0,76.2,4.8,6.3
PERF0394,EMP066,2026-04-01,2026-04-30,89.7,0,75.8,0,89.7,81.0,8.7,10.7
PERF0395,EMP066,2026-05-01,2026-05-31,77.1,0,62.5,0,77.1,89.7,-12.6,-14.0
PERF0396,EMP066,2026-06-01,2026-06-30,78.2,0,65.1,0,78.2,77.1,1.1,1.4
PERF0397,EMP067,2026-01-01,2026-01-31,89.7,0,71.9,93.8,89.7,,0,0
PERF0398,EMP067,2026-02-01,2026-02-28,89.4,0,86.0,80.5,89.4,89.7,-0.3,-0.3
PERF0399,EMP067,2026-03-01,2026-03-31,91.1,0,86.7,100.0,91.1,89.4,1.7,1.9
PERF0400,EMP067,2026-04-01,2026-04-30,94.6,0,73.2,100.0,94.6,91.1,3.5,3.8
PERF0401,EMP067,2026-05-01,2026-05-31,89.7,0,74.5,97.5,89.7,94.6,-4.9,-5.2
PERF0402,EMP067,2026-06-01,2026-06-30,84.9,0,72.2,84.0,84.9,89.7,-4.8,-5.4
PERF0403,EMP068,2026-01-01,2026-01-31,85.3,0,62.4,83.8,85.3,,0,0
PERF0404,EMP068,2026-02-01,2026-02-28,78.7,0,56.0,81.8,78.7,85.3,-6.6,-7.7
PERF0405,EMP068,2026-03-01,2026-03-31,80.5,0,66.8,74.6,80.5,78.7,1.8,2.3
PERF0406,EMP068,2026-04-01,2026-04-30,80.4,0,54.3,92.5,80.4,80.5,-0.1,-0.1
PERF0407,EMP068,2026-05-01,2026-05-31,82.4,0,56.0,83.1,82.4,80.4,2.0,2.5
PERF0408,EMP068,2026-06-01,2026-06-30,80.4,0,65.1,80.0,80.4,82.4,-2.0,-2.4
PERF0409,EMP069,2026-01-01,2026-01-31,94.5,0,84.1,96.9,94.5,,0,0
PERF0410,EMP069,2026-02-01,2026-02-28,91.5,0,77.7,93.8,91.5,94.5,-3.0,-3.2
PERF0411,EMP069,2026-03-01,2026-03-31,90.8,0,81.0,96.2,90.8,91.5,-0.7,-0.8
PERF0412,EMP069,2026-04-01,2026-04-30,88.9,0,75.0,100.0,88.9,90.8,-1.9,-2.1
PERF0413,EMP069,2026-05-01,2026-05-31,94.3,0,91.4,91.0,94.3,88.9,5.4,6.1
PERF0414,EMP069,2026-06-01,2026-06-30,86.4,0,84.2,87.5,86.4,94.3,-7.9,-8.4
PERF0415,EMP070,2026-01-01,2026-01-31,88.3,0,77.0,100.0,88.3,,0,0
PERF0416,EMP070,2026-02-01,2026-02-28,82.0,0,62.1,92.5,82.0,88.3,-6.3,-7.1
PERF0417,EMP070,2026-03-01,2026-03-31,85.0,0,69.6,91.2,85.0,82.0,3.0,3.7
PERF0418,EMP070,2026-04-01,2026-04-30,81.6,0,74.2,70.8,81.6,85.0,-3.4,-4.0
PERF0419,EMP070,2026-05-01,2026-05-31,82.1,0,59.8,75.2,82.1,81.6,0.5,0.6
PERF0420,EMP070,2026-06-01,2026-06-30,78.4,0,58.9,60.0,78.4,82.1,-3.7,-4.5
PERF0421,EMP071,2026-01-01,2026-01-31,75.2,0,59.0,90.0,75.2,,0,0
PERF0422,EMP071,2026-02-01,2026-02-28,85.2,0,61.7,85.0,85.2,75.2,10.0,13.3
PERF0423,EMP071,2026-03-01,2026-03-31,74.2,0,55.7,59.1,74.2,85.2,-11.0,-12.9
PERF0424,EMP071,2026-04-01,2026-04-30,75.1,0,65.3,74.6,75.1,74.2,0.9,1.2
PERF0425,EMP071,2026-05-01,2026-05-31,80.4,0,68.3,82.5,80.4,75.1,5.3,7.1
PERF0426,EMP071,2026-06-01,2026-06-30,88.1,0,69.6,80.0,88.1,80.4,7.7,9.6
PERF0427,EMP072,2026-01-01,2026-01-31,92.2,0,95.1,0,92.2,,0,0
PERF0428,EMP072,2026-02-01,2026-02-28,95.7,0,97.7,0,95.7,92.2,3.5,3.8
PERF0429,EMP072,2026-03-01,2026-03-31,94.5,0,91.6,0,94.5,95.7,-1.2,-1.3
PERF0430,EMP072,2026-04-01,2026-04-30,94.3,0,98.0,0,94.3,94.5,-0.2,-0.2
PERF0431,EMP072,2026-05-01,2026-05-31,96.3,0,95.5,0,96.3,94.3,2.0,2.1
PERF0432,EMP072,2026-06-01,2026-06-30,93.6,0,88.9,0,93.6,96.3,-2.7,-2.8
PERF0433,EMP073,2026-01-01,2026-01-31,84.7,0,70.5,0,84.7,,0,0
PERF0434,EMP073,2026-02-01,2026-02-28,85.1,0,89.7,0,85.1,84.7,0.4,0.5
PERF0435,EMP073,2026-03-01,2026-03-31,89.7,0,69.2,0,89.7,85.1,4.6,5.4
PERF0436,EMP073,2026-04-01,2026-04-30,87.9,0,83.7,0,87.9,89.7,-1.8,-2.0
PERF0437,EMP073,2026-05-01,2026-05-31,81.6,0,65.5,0,81.6,87.9,-6.3,-7.2
PERF0438,EMP073,2026-06-01,2026-06-30,84.8,0,86.8,0,84.8,81.6,3.2,3.9
PERF0439,EMP074,2026-01-01,2026-01-31,75.5,0,66.1,0,75.5,,0,0
PERF0440,EMP074,2026-02-01,2026-02-28,76.5,0,68.5,0,76.5,75.5,1.0,1.3
PERF0441,EMP074,2026-03-01,2026-03-31,72.7,0,60.0,0,72.7,76.5,-3.8,-5.0
PERF0442,EMP074,2026-04-01,2026-04-30,76.8,0,63.3,0,76.8,72.7,4.1,5.6
PERF0443,EMP074,2026-05-01,2026-05-31,80.0,0,69.9,0,80.0,76.8,3.2,4.2
PERF0444,EMP074,2026-06-01,2026-06-30,70.4,0,71.3,0,70.4,80.0,-9.6,-12.0
PERF0445,EMP075,2026-01-01,2026-01-31,84.6,76.0,0,0,84.6,,0,0
PERF0446,EMP075,2026-02-01,2026-02-28,77.3,60.0,0,0,77.3,84.6,-7.3,-8.6
PERF0447,EMP075,2026-03-01,2026-03-31,83.8,66.0,0,0,83.8,77.3,6.5,8.4
PERF0448,EMP075,2026-04-01,2026-04-30,83.8,70.0,0,0,83.8,83.8,0.0,0.0
PERF0449,EMP075,2026-05-01,2026-05-31,81.4,68.0,0,0,81.4,83.8,-2.4,-2.9
PERF0450,EMP075,2026-06-01,2026-06-30,82.0,66.0,0,0,82.0,81.4,0.6,0.7
PERF0451,EMP076,2026-01-01,2026-01-31,83.4,62.0,0,0,83.4,,0,0
PERF0452,EMP076,2026-02-01,2026-02-28,80.2,60.0,0,0,80.2,83.4,-3.2,-3.8
PERF0453,EMP076,2026-03-01,2026-03-31,76.1,66.0,0,0,76.1,80.2,-4.1,-5.1
PERF0454,EMP076,2026-04-01,2026-04-30,86.0,72.0,0,0,86.0,76.1,9.9,13.0
PERF0455,EMP076,2026-05-01,2026-05-31,85.1,70.0,0,0,85.1,86.0,-0.9,-1.0
PERF0456,EMP076,2026-06-01,2026-06-30,73.5,68.0,0,0,73.5,85.1,-11.6,-13.6
PERF0457,EMP077,2026-01-01,2026-01-31,94.5,88.0,0,0,94.5,,0,0
PERF0458,EMP077,2026-02-01,2026-02-28,94.6,82.0,0,0,94.6,94.5,0.1,0.1
PERF0459,EMP077,2026-03-01,2026-03-31,94.2,84.0,0,0,94.2,94.6,-0.4,-0.4
PERF0460,EMP077,2026-04-01,2026-04-30,97.6,92.0,0,0,97.6,94.2,3.4,3.6
PERF0461,EMP077,2026-05-01,2026-05-31,95.6,90.0,0,0,95.6,97.6,-2.0,-2.0
PERF0462,EMP077,2026-06-01,2026-06-30,93.4,84.0,0,0,93.4,95.6,-2.2,-2.3
PERF0463,EMP078,2026-01-01,2026-01-31,82.1,72.0,0,0,82.1,,0,0
PERF0464,EMP078,2026-02-01,2026-02-28,86.9,76.0,0,0,86.9,82.1,4.8,5.8
PERF0465,EMP078,2026-03-01,2026-03-31,84.7,74.0,0,0,84.7,86.9,-2.2,-2.5
PERF0466,EMP078,2026-04-01,2026-04-30,82.2,78.0,0,0,82.2,84.7,-2.5,-3.0
PERF0467,EMP078,2026-05-01,2026-05-31,88.1,74.0,0,0,88.1,82.2,5.9,7.2
PERF0468,EMP078,2026-06-01,2026-06-30,84.5,78.0,0,0,84.5,88.1,-3.6,-4.1
PERF0469,EMP079,2026-01-01,2026-01-31,92.5,82.0,0,0,92.5,,0,0
PERF0470,EMP079,2026-02-01,2026-02-28,88.3,80.0,0,0,88.3,92.5,-4.2,-4.5
PERF0471,EMP079,2026-03-01,2026-03-31,92.8,84.0,0,0,92.8,88.3,4.5,5.1
PERF0472,EMP079,2026-04-01,2026-04-30,89.7,80.0,0,0,89.7,92.8,-3.1,-3.3
PERF0473,EMP079,2026-05-01,2026-05-31,88.9,80.0,0,0,88.9,89.7,-0.8,-0.9
PERF0474,EMP079,2026-06-01,2026-06-30,89.7,82.0,0,0,89.7,88.9,0.8,0.9
PERF0475,EMP080,2026-01-01,2026-01-31,57.9,56.0,0,0,57.9,,0,0
PERF0476,EMP080,2026-02-01,2026-02-28,52.7,44.0,0,0,52.7,57.9,-5.2,-9.0
PERF0477,EMP080,2026-03-01,2026-03-31,56.7,52.0,0,0,56.7,52.7,4.0,7.6
PERF0478,EMP080,2026-04-01,2026-04-30,49.7,50.0,0,0,49.7,56.7,-7.0,-12.3
PERF0479,EMP080,2026-05-01,2026-05-31,58.0,54.0,0,0,58.0,49.7,8.3,16.7
PERF0480,EMP080,2026-06-01,2026-06-30,63.7,52.0,0,0,63.7,58.0,5.7,9.8
PERF0481,EMP081,2026-01-01,2026-01-31,51.5,52.0,0,0,51.5,,0,0
PERF0482,EMP081,2026-02-01,2026-02-28,58.9,48.0,0,0,58.9,51.5,7.4,14.4
PERF0483,EMP081,2026-03-01,2026-03-31,51.3,54.0,0,0,51.3,58.9,-7.6,-12.9
PERF0484,EMP081,2026-04-01,2026-04-30,58.6,50.0,0,0,58.6,51.3,7.3,14.2
PERF0485,EMP081,2026-05-01,2026-05-31,49.1,56.0,0,0,49.1,58.6,-9.5,-16.2
PERF0486,EMP081,2026-06-01,2026-06-30,56.4,50.0,0,0,56.4,49.1,7.3,14.9
PERF0487,EMP082,2026-01-01,2026-01-31,69.6,60.0,0,0,69.6,,0,0
PERF0488,EMP082,2026-02-01,2026-02-28,72.6,56.0,0,0,72.6,69.6,3.0,4.3
PERF0489,EMP082,2026-03-01,2026-03-31,70.0,58.0,0,0,70.0,72.6,-2.6,-3.6
PERF0490,EMP082,2026-04-01,2026-04-30,77.9,68.0,0,0,77.9,70.0,7.9,11.3
PERF0491,EMP082,2026-05-01,2026-05-31,69.6,58.0,0,0,69.6,77.9,-8.3,-10.7
PERF0492,EMP082,2026-06-01,2026-06-30,69.7,60.0,0,0,69.7,69.6,0.1,0.1
PERF0493,EMP083,2026-01-01,2026-01-31,44.3,0,27.0,0,44.3,,0,0
PERF0494,EMP083,2026-02-01,2026-02-28,42.7,0,39.3,0,42.7,44.3,-1.6,-3.6
PERF0495,EMP083,2026-03-01,2026-03-31,53.2,0,36.2,0,53.2,42.7,10.5,24.6
PERF0496,EMP083,2026-04-01,2026-04-30,48.9,0,41.8,0,48.9,53.2,-4.3,-8.1
PERF0497,EMP083,2026-05-01,2026-05-31,53.6,0,40.1,0,53.6,48.9,4.7,9.6
PERF0498,EMP083,2026-06-01,2026-06-30,51.0,0,34.5,0,51.0,53.6,-2.6,-4.9
PERF0499,EMP084,2026-01-01,2026-01-31,59.7,0,43.5,0,59.7,,0,0
PERF0500,EMP084,2026-02-01,2026-02-28,62.1,0,51.4,0,62.1,59.7,2.4,4.0
PERF0501,EMP084,2026-03-01,2026-03-31,61.1,0,36.7,0,61.1,62.1,-1.0,-1.6
PERF0502,EMP084,2026-04-01,2026-04-30,62.6,0,40.3,0,62.6,61.1,1.5,2.5
PERF0503,EMP084,2026-05-01,2026-05-31,68.3,0,54.6,0,68.3,62.6,5.7,9.1
PERF0504,EMP084,2026-06-01,2026-06-30,60.6,0,48.7,0,60.6,68.3,-7.7,-11.3
PERF0505,EMP085,2026-01-01,2026-01-31,88.7,0,76.3,0,88.7,,0,0
PERF0506,EMP085,2026-02-01,2026-02-28,89.7,0,69.6,0,89.7,88.7,1.0,1.1
PERF0507,EMP085,2026-03-01,2026-03-31,88.2,0,80.3,0,88.2,89.7,-1.5,-1.7
PERF0508,EMP085,2026-04-01,2026-04-30,91.3,0,78.1,0,91.3,88.2,3.1,3.5
PERF0509,EMP085,2026-05-01,2026-05-31,91.2,0,83.9,0,91.2,91.3,-0.1,-0.1
PERF0510,EMP085,2026-06-01,2026-06-30,90.7,0,73.8,0,90.7,91.2,-0.5,-0.5
PERF0511,EMP086,2026-01-01,2026-01-31,72.0,0,61.2,0,72.0,,0,0
PERF0512,EMP086,2026-02-01,2026-02-28,67.7,0,55.6,0,67.7,72.0,-4.3,-6.0
PERF0513,EMP086,2026-03-01,2026-03-31,61.6,0,51.3,0,61.6,67.7,-6.1,-9.0
PERF0514,EMP086,2026-04-01,2026-04-30,65.6,0,50.2,0,65.6,61.6,4.0,6.5
PERF0515,EMP086,2026-05-01,2026-05-31,63.0,0,59.3,0,63.0,65.6,-2.6,-4.0
PERF0516,EMP086,2026-06-01,2026-06-30,68.2,0,52.7,0,68.2,63.0,5.2,8.3
PERF0517,EMP087,2026-01-01,2026-01-31,82.0,0,67.7,86.6,82.0,,0,0
PERF0518,EMP087,2026-02-01,2026-02-28,81.7,0,60.7,89.0,81.7,82.0,-0.3,-0.4
PERF0519,EMP087,2026-03-01,2026-03-31,83.1,0,58.2,78.8,83.1,81.7,1.4,1.7
PERF0520,EMP087,2026-04-01,2026-04-30,81.2,0,68.3,77.8,81.2,83.1,-1.9,-2.3
PERF0521,EMP087,2026-05-01,2026-05-31,85.8,0,69.0,82.6,85.8,81.2,4.6,5.7
PERF0522,EMP087,2026-06-01,2026-06-30,81.0,0,65.1,86.6,81.0,85.8,-4.8,-5.6
PERF0523,EMP088,2026-01-01,2026-01-31,95.2,0,83.2,97.6,95.2,,0,0
PERF0524,EMP088,2026-02-01,2026-02-28,92.7,0,87.4,90.2,92.7,95.2,-2.5,-2.6
PERF0525,EMP088,2026-03-01,2026-03-31,94.1,0,71.7,93.9,94.1,92.7,1.4,1.5
PERF0526,EMP088,2026-04-01,2026-04-30,93.0,0,84.7,100.0,93.0,94.1,-1.1,-1.2
PERF0527,EMP088,2026-05-01,2026-05-31,95.2,0,86.2,96.3,95.2,93.0,2.2,2.4
PERF0528,EMP088,2026-06-01,2026-06-30,96.8,0,80.6,97.6,96.8,95.2,1.6,1.7
PERF0529,EMP089,2026-01-01,2026-01-31,77.0,0,66.3,63.0,77.0,,0,0
PERF0530,EMP089,2026-02-01,2026-02-28,79.1,0,75.8,75.6,79.1,77.0,2.1,2.7
PERF0531,EMP089,2026-03-01,2026-03-31,84.3,0,59.1,92.7,84.3,79.1,5.2,6.6
PERF0532,EMP089,2026-04-01,2026-04-30,85.8,0,72.2,82.9,85.8,84.3,1.5,1.8
PERF0533,EMP089,2026-05-01,2026-05-31,77.2,0,57.3,87.8,77.2,85.8,-8.6,-10.0
PERF0534,EMP089,2026-06-01,2026-06-30,82.9,0,69.6,82.9,82.9,77.2,5.7,7.4
PERF0535,EMP090,2026-01-01,2026-01-31,70.4,0,53.2,63.4,70.4,,0,0
PERF0536,EMP090,2026-02-01,2026-02-28,72.5,0,43.5,71.6,72.5,70.4,2.1,3.0
PERF0537,EMP090,2026-03-01,2026-03-31,68.0,0,42.9,78.0,68.0,72.5,-4.5,-6.2
PERF0538,EMP090,2026-04-01,2026-04-30,61.6,0,54.8,42.2,61.6,68.0,-6.4,-9.4
PERF0539,EMP090,2026-05-01,2026-05-31,63.6,0,60.8,54.0,63.6,61.6,2.0,3.2
PERF0540,EMP090,2026-06-01,2026-06-30,69.8,0,48.5,78.0,69.8,63.6,6.2,9.7
PERF0541,EMP091,2026-01-01,2026-01-31,95.0,0,68.3,100.0,95.0,,0,0
PERF0542,EMP091,2026-02-01,2026-02-28,92.9,0,81.8,96.7,92.9,95.0,-2.1,-2.2
PERF0543,EMP091,2026-03-01,2026-03-31,91.3,0,85.8,87.0,91.3,92.9,-1.6,-1.7
PERF0544,EMP091,2026-04-01,2026-04-30,92.7,0,72.3,97.6,92.7,91.3,1.4,1.5
PERF0545,EMP091,2026-05-01,2026-05-31,90.4,0,88.2,84.1,90.4,92.7,-2.3,-2.5
PERF0546,EMP091,2026-06-01,2026-06-30,92.5,0,82.0,100.0,92.5,90.4,2.1,2.3
PERF0547,EMP092,2026-01-01,2026-01-31,92.2,0,73.2,93.7,92.2,,0,0
PERF0548,EMP092,2026-02-01,2026-02-28,91.2,0,68.2,92.7,91.2,92.2,-1.0,-1.1
PERF0549,EMP092,2026-03-01,2026-03-31,94.7,0,86.5,95.1,94.7,91.2,3.5,3.8
PERF0550,EMP092,2026-04-01,2026-04-30,94.5,0,78.4,97.6,94.5,94.7,-0.2,-0.2
PERF0551,EMP092,2026-05-01,2026-05-31,93.9,0,73.8,88.7,93.9,94.5,-0.6,-0.6
PERF0552,EMP092,2026-06-01,2026-06-30,89.6,0,76.9,93.9,89.6,93.9,-4.3,-4.6
PERF0553,EMP093,2026-01-01,2026-01-31,97.1,0,0,100.0,97.1,,0,0
PERF0554,EMP093,2026-02-01,2026-02-28,96.4,0,0,100.0,96.4,97.1,-0.7,-0.7
PERF0555,EMP093,2026-03-01,2026-03-31,93.6,0,0,100.0,93.6,96.4,-2.8,-2.9
PERF0556,EMP093,2026-04-01,2026-04-30,96.3,0,0,100.0,96.3,93.6,2.7,2.9
PERF0557,EMP093,2026-05-01,2026-05-31,96.4,0,0,100.0,96.4,96.3,0.1,0.1
PERF0558,EMP093,2026-06-01,2026-06-30,95.1,0,0,100.0,95.1,96.4,-1.3,-1.3
PERF0559,EMP094,2026-01-01,2026-01-31,97.9,0,0,100.0,97.9,,0,0
PERF0560,EMP094,2026-02-01,2026-02-28,98.5,0,0,100.0,98.5,97.9,0.6,0.6
PERF0561,EMP094,2026-03-01,2026-03-31,99.4,0,0,100.0,99.4,98.5,0.9,0.9
PERF0562,EMP094,2026-04-01,2026-04-30,97.6,0,0,100.0,97.6,99.4,-1.8,-1.8
PERF0563,EMP094,2026-05-01,2026-05-31,97.5,0,0,99.4,97.5,97.6,-0.1,-0.1
PERF0564,EMP094,2026-06-01,2026-06-30,96.4,0,0,100.0,96.4,97.5,-1.1,-1.1
PERF0565,EMP095,2026-01-01,2026-01-31,89.6,0,0,100.0,89.6,,0,0
PERF0566,EMP095,2026-02-01,2026-02-28,89.8,0,0,89.6,89.8,89.6,0.2,0.2
PERF0567,EMP095,2026-03-01,2026-03-31,95.3,0,0,100.0,95.3,89.8,5.5,6.1
PERF0568,EMP095,2026-04-01,2026-04-30,86.9,0,0,92.8,86.9,95.3,-8.4,-8.8
PERF0569,EMP095,2026-05-01,2026-05-31,94.5,0,0,97.9,94.5,86.9,7.6,8.7
PERF0570,EMP095,2026-06-01,2026-06-30,88.9,0,0,95.0,88.9,94.5,-5.6,-5.9
PERF0571,EMP096,2026-01-01,2026-01-31,81.4,0,0,70.0,81.4,,0,0
PERF0572,EMP096,2026-02-01,2026-02-28,76.6,0,0,87.5,76.6,81.4,-4.8,-5.9
PERF0573,EMP096,2026-03-01,2026-03-31,67.1,0,0,51.2,67.1,76.6,-9.5,-12.4
PERF0574,EMP096,2026-04-01,2026-04-30,74.0,0,0,65.0,74.0,67.1,6.9,10.3
PERF0575,EMP096,2026-05-01,2026-05-31,67.3,0,0,47.5,67.3,74.0,-6.7,-9.1
PERF0576,EMP096,2026-06-01,2026-06-30,69.3,0,0,72.5,69.3,67.3,2.0,3.0
PERF0577,EMP097,2026-01-01,2026-01-31,98.5,0,86.7,99.6,98.5,,0,0
PERF0578,EMP097,2026-02-01,2026-02-28,99.1,0,92.9,100.0,99.1,98.5,0.6,0.6
PERF0579,EMP097,2026-03-01,2026-03-31,97.6,0,81.8,97.6,97.6,99.1,-1.5,-1.5
PERF0580,EMP097,2026-04-01,2026-04-30,93.5,0,84.4,92.4,93.5,97.6,-4.1,-4.2
PERF0581,EMP097,2026-05-01,2026-05-31,97.2,0,86.7,100.0,97.2,93.5,3.7,4.0
PERF0582,EMP097,2026-06-01,2026-06-30,98.8,0,88.0,100.0,98.8,97.2,1.6,1.6
PERF0583,EMP098,2026-01-01,2026-01-31,51.0,0,34.2,50.0,51.0,,0,0
PERF0584,EMP098,2026-02-01,2026-02-28,49.3,0,46.4,59.5,49.3,51.0,-1.7,-3.3
PERF0585,EMP098,2026-03-01,2026-03-31,63.3,0,30.5,58.3,63.3,49.3,14.0,28.4
PERF0586,EMP098,2026-04-01,2026-04-30,57.2,0,35.5,36.3,57.2,63.3,-6.1,-9.6
PERF0587,EMP098,2026-05-01,2026-05-31,60.1,0,19.3,66.7,60.1,57.2,2.9,5.1
PERF0588,EMP098,2026-06-01,2026-06-30,60.8,0,29.2,52.4,60.8,60.1,0.7,1.2
PERF0589,EMP099,2026-01-01,2026-01-31,89.4,0,77.9,91.9,89.4,,0,0
PERF0590,EMP099,2026-02-01,2026-02-28,90.6,0,73.6,97.6,90.6,89.4,1.2,1.3
PERF0591,EMP099,2026-03-01,2026-03-31,87.2,0,89.3,88.1,87.2,90.6,-3.4,-3.8
PERF0592,EMP099,2026-04-01,2026-04-30,92.1,0,75.6,97.6,92.1,87.2,4.9,5.6
PERF0593,EMP099,2026-05-01,2026-05-31,89.2,0,70.6,96.1,89.2,92.1,-2.9,-3.1
PERF0594,EMP099,2026-06-01,2026-06-30,97.7,0,80.7,100.0,97.7,89.2,8.5,9.5
PERF0595,EMP100,2026-01-01,2026-01-31,71.9,0,56.4,71.4,71.9,,0,0
PERF0596,EMP100,2026-02-01,2026-02-28,68.0,0,57.5,72.6,68.0,71.9,-3.9,-5.4
PERF0597,EMP100,2026-03-01,2026-03-31,64.5,0,53.2,61.9,64.5,68.0,-3.5,-5.1
PERF0598,EMP100,2026-04-01,2026-04-30,63.0,0,32.7,61.9,63.0,64.5,-1.5,-2.3
PERF0599,EMP100,2026-05-01,2026-05-31,59.0,0,44.5,59.9,59.0,63.0,-4.0,-6.3
PERF0600,EMP100,2026-06-01,2026-06-30,61.8,0,49.9,47.4,61.8,59.0,2.8,4.7
