interview_id,candidate_id,job_id,interview_round,interviewer_id,interview_date,status
INT0001,CAN214,JOB028,1,EMP032,2026-05-05,scheduled
INT0002,CAN214,JOB028,2,EMP059,2026-07-28,completed
INT0003,CAN186,JOB014,1,EMP047,2026-05-05,completed
INT0004,CAN186,JOB014,2,EMP086,2026-05-24,completed
INT0005,CAN186,JOB014,3,EMP061,2026-08-28,cancelled
INT0006,CAN139,JOB004,1,EMP084,2026-08-14,scheduled
INT0007,CAN139,JOB004,2,EMP032,2026-04-07,scheduled
INT0008,CAN139,JOB004,3,EMP047,2026-07-27,completed
INT0009,CAN074,JOB022,1,EMP072,2026-06-25,completed
INT0010,CAN074,JOB022,2,EMP032,2026-08-17,completed
INT0011,CAN074,JOB022,3,EMP086,2026-08-15,scheduled
INT0012,CAN105,JOB009,1,EMP072,2026-04-01,completed
INT0013,CAN105,JOB009,2,EMP047,2026-07-27,completed
INT0014,CAN105,JOB009,3,EMP035,2026-07-18,completed
INT0015,CAN062,JOB019,1,EMP074,2026-06-02,completed
INT0016,CAN062,JOB019,2,EMP033,2026-06-15,completed
INT0017,CAN062,JOB019,3,EMP072,2026-06-20,scheduled
INT0018,CAN034,JOB006,1,EMP072,2026-05-21,completed
INT0019,CAN034,JOB006,2,EMP060,2026-05-05,completed
INT0020,CAN264,JOB022,1,EMP059,2026-05-31,completed
INT0021,CAN264,JOB022,2,EMP035,2026-07-19,cancelled
INT0022,CAN264,JOB022,3,EMP073,2026-08-17,completed
INT0023,CAN073,JOB010,1,EMP074,2026-08-15,completed
INT0024,CAN272,JOB006,1,EMP032,2026-04-04,cancelled
INT0025,CAN272,JOB006,2,EMP059,2026-06-15,completed
INT0026,CAN272,JOB006,3,EMP084,2026-06-02,completed
INT0027,CAN260,JOB001,1,EMP072,2026-05-14,completed
INT0028,CAN260,JOB001,2,EMP074,2026-07-14,completed
INT0029,CAN135,JOB019,1,EMP083,2026-05-25,cancelled
INT0030,CAN135,JOB019,2,EMP035,2026-07-26,cancelled
INT0031,CAN135,JOB019,3,EMP034,2026-07-17,completed
INT0032,CAN238,JOB011,1,EMP073,2026-08-27,cancelled
INT0033,CAN076,JOB024,1,EMP085,2026-07-09,cancelled
INT0034,CAN076,JOB024,2,EMP084,2026-06-30,completed
INT0035,CAN042,JOB005,1,EMP072,2026-09-01,completed
INT0036,CAN042,JOB005,2,EMP084,2026-07-13,scheduled
INT0037,CAN042,JOB005,3,EMP061,2026-08-27,completed
INT0038,CAN003,JOB010,1,EMP047,2026-05-05,scheduled
INT0039,CAN003,JOB010,2,EMP035,2026-05-15,completed
INT0040,CAN118,JOB007,1,EMP059,2026-04-07,completed
INT0041,CAN118,JOB007,2,EMP033,2026-08-05,completed
INT0042,CAN166,JOB008,1,EMP083,2026-06-06,completed
INT0043,CAN166,JOB008,2,EMP035,2026-04-10,completed
INT0044,CAN294,JOB003,1,EMP047,2026-06-04,scheduled
INT0045,CAN294,JOB003,2,EMP035,2026-07-11,scheduled
INT0046,CAN294,JOB003,3,EMP061,2026-07-23,cancelled
INT0047,CAN090,JOB003,1,EMP073,2026-04-11,completed
INT0048,CAN107,JOB016,1,EMP084,2026-08-06,completed
INT0049,CAN266,JOB001,1,EMP034,2026-04-04,cancelled
INT0050,CAN266,JOB001,2,EMP074,2026-04-07,completed
INT0051,CAN266,JOB001,3,EMP083,2026-04-15,cancelled
INT0052,CAN068,JOB028,1,EMP085,2026-05-09,completed
INT0053,CAN180,JOB003,1,EMP060,2026-05-08,completed
INT0054,CAN180,JOB003,2,EMP072,2026-08-29,completed
INT0055,CAN110,JOB002,1,EMP072,2026-08-02,completed
INT0056,CAN110,JOB002,2,EMP033,2026-05-17,completed
INT0057,CAN063,JOB013,1,EMP059,2026-04-10,scheduled
INT0058,CAN063,JOB013,2,EMP086,2026-07-21,completed
INT0059,CAN063,JOB013,3,EMP073,2026-08-08,scheduled
INT0060,CAN060,JOB012,1,EMP032,2026-05-09,completed
INT0061,CAN060,JOB012,2,EMP048,2026-06-24,completed
INT0062,CAN060,JOB012,3,EMP048,2026-05-12,completed
INT0063,CAN032,JOB012,1,EMP048,2026-08-17,cancelled
INT0064,CAN032,JOB012,2,EMP035,2026-06-19,cancelled
INT0065,CAN032,JOB012,3,EMP060,2026-07-04,scheduled
INT0066,CAN009,JOB008,1,EMP073,2026-08-04,completed
INT0067,CAN167,JOB017,1,EMP047,2026-08-31,scheduled
INT0068,CAN133,JOB020,1,EMP072,2026-07-19,completed
INT0069,CAN133,JOB020,2,EMP033,2026-04-24,completed
INT0070,CAN104,JOB030,1,EMP072,2026-06-06,completed
INT0071,CAN082,JOB025,1,EMP060,2026-07-06,scheduled
INT0072,CAN148,JOB030,1,EMP033,2026-07-06,scheduled
INT0073,CAN148,JOB030,2,EMP048,2026-07-17,scheduled
INT0074,CAN148,JOB030,3,EMP059,2026-07-24,cancelled
INT0075,CAN124,JOB023,1,EMP085,2026-07-01,completed
INT0076,CAN124,JOB023,2,EMP086,2026-08-29,completed
INT0077,CAN028,JOB011,1,EMP086,2026-04-30,scheduled
INT0078,CAN078,JOB015,1,EMP060,2026-05-15,completed
INT0079,CAN078,JOB015,2,EMP035,2026-05-26,cancelled
INT0080,CAN262,JOB018,1,EMP060,2026-04-15,completed
INT0081,CAN262,JOB018,2,EMP072,2026-06-06,scheduled
INT0082,CAN262,JOB018,3,EMP035,2026-07-20,completed
INT0083,CAN221,JOB018,1,EMP061,2026-05-15,cancelled
INT0084,CAN221,JOB018,2,EMP061,2026-06-17,cancelled
INT0085,CAN223,JOB024,1,EMP073,2026-06-19,completed
INT0086,CAN223,JOB024,2,EMP084,2026-08-08,scheduled
INT0087,CAN223,JOB024,3,EMP035,2026-06-07,completed
INT0088,CAN277,JOB004,1,EMP048,2026-04-23,completed
INT0089,CAN138,JOB007,1,EMP035,2026-08-25,scheduled
INT0090,CAN017,JOB012,1,EMP060,2026-07-03,completed
INT0091,CAN231,JOB017,1,EMP060,2026-04-25,completed
INT0092,CAN231,JOB017,2,EMP060,2026-06-12,scheduled
INT0093,CAN231,JOB017,3,EMP084,2026-06-20,completed
INT0094,CAN242,JOB018,1,EMP084,2026-04-17,scheduled
INT0095,CAN242,JOB018,2,EMP033,2026-08-05,cancelled
INT0096,CAN218,JOB024,1,EMP074,2026-06-17,completed
INT0097,CAN228,JOB007,1,EMP047,2026-04-28,cancelled
INT0098,CAN228,JOB007,2,EMP034,2026-05-01,completed
INT0099,CAN228,JOB007,3,EMP084,2026-06-02,completed
INT0100,CAN281,JOB009,1,EMP073,2026-05-26,completed
INT0101,CAN281,JOB009,2,EMP035,2026-07-02,completed
INT0102,CAN281,JOB009,3,EMP073,2026-04-12,cancelled
INT0103,CAN018,JOB024,1,EMP033,2026-06-15,completed
INT0104,CAN018,JOB024,2,EMP085,2026-06-07,cancelled
INT0105,CAN018,JOB024,3,EMP059,2026-06-05,scheduled
INT0106,CAN252,JOB007,1,EMP084,2026-08-13,completed
INT0107,CAN252,JOB007,2,EMP047,2026-07-12,completed
INT0108,CAN252,JOB007,3,EMP084,2026-08-09,cancelled
INT0109,CAN153,JOB013,1,EMP072,2026-04-13,scheduled
INT0110,CAN239,JOB027,1,EMP048,2026-08-17,completed
INT0111,CAN239,JOB027,2,EMP033,2026-05-17,completed
INT0112,CAN239,JOB027,3,EMP059,2026-06-07,scheduled
INT0113,CAN039,JOB010,1,EMP059,2026-08-05,completed
INT0114,CAN039,JOB010,2,EMP072,2026-04-03,cancelled
INT0115,CAN039,JOB010,3,EMP035,2026-05-08,scheduled
INT0116,CAN204,JOB006,1,EMP083,2026-07-02,scheduled
INT0117,CAN023,JOB029,1,EMP059,2026-05-20,completed
INT0118,CAN023,JOB029,2,EMP047,2026-07-30,completed
INT0119,CAN023,JOB029,3,EMP035,2026-04-01,completed
INT0120,CAN058,JOB009,1,EMP084,2026-08-20,completed
INT0121,CAN111,JOB003,1,EMP035,2026-06-24,scheduled
INT0122,CAN111,JOB003,2,EMP034,2026-04-02,completed
INT0123,CAN111,JOB003,3,EMP035,2026-04-14,cancelled
INT0124,CAN047,JOB001,1,EMP034,2026-06-12,completed
INT0125,CAN075,JOB021,1,EMP083,2026-04-16,scheduled
INT0126,CAN292,JOB004,1,EMP034,2026-08-09,cancelled
INT0127,CAN292,JOB004,2,EMP085,2026-07-30,completed
INT0128,CAN292,JOB004,3,EMP083,2026-06-29,completed
INT0129,CAN275,JOB014,1,EMP083,2026-05-25,completed
INT0130,CAN275,JOB014,2,EMP083,2026-05-03,completed
INT0131,CAN275,JOB014,3,EMP086,2026-07-24,cancelled
INT0132,CAN253,JOB017,1,EMP073,2026-05-15,scheduled
INT0133,CAN057,JOB027,1,EMP035,2026-07-08,cancelled
INT0134,CAN057,JOB027,2,EMP060,2026-07-15,cancelled
INT0135,CAN144,JOB022,1,EMP059,2026-08-23,completed
INT0136,CAN144,JOB022,2,EMP032,2026-05-20,completed
INT0137,CAN144,JOB022,3,EMP059,2026-04-08,scheduled
INT0138,CAN093,JOB008,1,EMP073,2026-05-09,completed
INT0139,CAN093,JOB008,2,EMP047,2026-06-05,scheduled
INT0140,CAN093,JOB008,3,EMP061,2026-08-10,completed
INT0141,CAN145,JOB017,1,EMP083,2026-07-29,completed
INT0142,CAN072,JOB028,1,EMP073,2026-06-06,completed
INT0143,CAN006,JOB014,1,EMP086,2026-06-19,completed
INT0144,CAN006,JOB014,2,EMP032,2026-07-29,scheduled
INT0145,CAN006,JOB014,3,EMP060,2026-07-20,completed
INT0146,CAN099,JOB013,1,EMP061,2026-04-01,completed
INT0147,CAN300,JOB027,1,EMP034,2026-06-26,completed
INT0148,CAN300,JOB027,2,EMP033,2026-05-10,completed
INT0149,CAN300,JOB027,3,EMP033,2026-04-15,scheduled
INT0150,CAN125,JOB024,1,EMP073,2026-07-21,completed
INT0151,CAN234,JOB011,1,EMP033,2026-04-29,completed
INT0152,CAN234,JOB011,2,EMP073,2026-07-03,scheduled
INT0153,CAN287,JOB014,1,EMP074,2026-07-29,scheduled
INT0154,CAN287,JOB014,2,EMP061,2026-05-13,completed
INT0155,CAN287,JOB014,3,EMP074,2026-08-15,completed
INT0156,CAN247,JOB001,1,EMP074,2026-04-22,scheduled
INT0157,CAN247,JOB001,2,EMP034,2026-05-21,completed
INT0158,CAN232,JOB008,1,EMP073,2026-05-25,cancelled
INT0159,CAN232,JOB008,2,EMP061,2026-07-11,completed
INT0160,CAN232,JOB008,3,EMP032,2026-08-23,scheduled
INT0161,CAN084,JOB009,1,EMP083,2026-05-24,cancelled
INT0162,CAN100,JOB014,1,EMP033,2026-04-08,completed
INT0163,CAN100,JOB014,2,EMP032,2026-04-21,completed
INT0164,CAN100,JOB014,3,EMP047,2026-06-30,cancelled
INT0165,CAN268,JOB024,1,EMP073,2026-06-13,cancelled
INT0166,CAN280,JOB019,1,EMP059,2026-08-12,scheduled
INT0167,CAN280,JOB019,2,EMP072,2026-04-17,completed
INT0168,CAN154,JOB007,1,EMP032,2026-08-16,cancelled
INT0169,CAN172,JOB023,1,EMP072,2026-08-13,scheduled
INT0170,CAN209,JOB004,1,EMP074,2026-05-15,completed
INT0171,CAN209,JOB004,2,EMP073,2026-08-15,cancelled
INT0172,CAN170,JOB009,1,EMP061,2026-06-13,completed
INT0173,CAN217,JOB020,1,EMP047,2026-04-24,cancelled
INT0174,CAN217,JOB020,2,EMP061,2026-05-07,completed
INT0175,CAN217,JOB020,3,EMP084,2026-06-12,completed
INT0176,CAN142,JOB012,1,EMP035,2026-06-10,completed
INT0177,CAN142,JOB012,2,EMP073,2026-05-10,scheduled
INT0178,CAN142,JOB012,3,EMP033,2026-05-01,completed
INT0179,CAN245,JOB012,1,EMP083,2026-08-23,completed
INT0180,CAN245,JOB012,2,EMP083,2026-06-26,cancelled
INT0181,CAN158,JOB003,1,EMP084,2026-08-06,completed
INT0182,CAN165,JOB020,1,EMP035,2026-07-24,completed
INT0183,CAN165,JOB020,2,EMP060,2026-08-22,completed
INT0184,CAN035,JOB001,1,EMP074,2026-06-17,completed
INT0185,CAN035,JOB001,2,EMP047,2026-08-03,cancelled
INT0186,CAN035,JOB001,3,EMP060,2026-08-04,completed
INT0187,CAN215,JOB026,1,EMP048,2026-04-10,cancelled
INT0188,CAN213,JOB016,1,EMP033,2026-07-25,completed
INT0189,CAN213,JOB016,2,EMP033,2026-05-13,scheduled
INT0190,CAN213,JOB016,3,EMP033,2026-08-19,cancelled
INT0191,CAN297,JOB028,1,EMP061,2026-08-12,scheduled
INT0192,CAN220,JOB006,1,EMP085,2026-06-03,completed
INT0193,CAN220,JOB006,2,EMP085,2026-05-29,cancelled
INT0194,CAN220,JOB006,3,EMP086,2026-06-08,cancelled
INT0195,CAN236,JOB007,1,EMP034,2026-07-17,completed
INT0196,CAN236,JOB007,2,EMP073,2026-07-23,scheduled
INT0197,CAN236,JOB007,3,EMP048,2026-05-16,cancelled
INT0198,CAN196,JOB013,1,EMP074,2026-08-23,completed
INT0199,CAN196,JOB013,2,EMP084,2026-08-30,cancelled
INT0200,CAN021,JOB027,1,EMP048,2026-08-20,completed
INT0201,CAN021,JOB027,2,EMP032,2026-04-06,completed
INT0202,CAN021,JOB027,3,EMP072,2026-06-30,cancelled
INT0203,CAN049,JOB005,1,EMP074,2026-07-19,completed
INT0204,CAN286,JOB011,1,EMP061,2026-07-13,completed
INT0205,CAN286,JOB011,2,EMP035,2026-05-13,completed
INT0206,CAN286,JOB011,3,EMP073,2026-07-31,completed
INT0207,CAN288,JOB002,1,EMP073,2026-06-12,scheduled
INT0208,CAN152,JOB016,1,EMP048,2026-08-14,completed
INT0209,CAN152,JOB016,2,EMP032,2026-09-01,cancelled
INT0210,CAN156,JOB015,1,EMP034,2026-08-13,scheduled
INT0211,CAN156,JOB015,2,EMP074,2026-07-15,completed
INT0212,CAN156,JOB015,3,EMP061,2026-08-16,completed
INT0213,CAN007,JOB008,1,EMP061,2026-06-23,cancelled
INT0214,CAN007,JOB008,2,EMP034,2026-08-14,completed
INT0215,CAN191,JOB012,1,EMP060,2026-06-03,completed
INT0216,CAN191,JOB012,2,EMP033,2026-06-15,cancelled
INT0217,CAN191,JOB012,3,EMP074,2026-05-05,completed
INT0218,CAN189,JOB021,1,EMP047,2026-08-02,completed
INT0219,CAN189,JOB021,2,EMP059,2026-08-19,completed
INT0220,CAN254,JOB018,1,EMP086,2026-05-07,scheduled
INT0221,CAN254,JOB018,2,EMP033,2026-07-13,cancelled
INT0222,CAN164,JOB009,1,EMP085,2026-05-16,cancelled
INT0223,CAN164,JOB009,2,EMP059,2026-08-10,cancelled
INT0224,CAN164,JOB009,3,EMP083,2026-08-02,completed
INT0225,CAN240,JOB018,1,EMP074,2026-05-05,completed
INT0226,CAN240,JOB018,2,EMP033,2026-06-12,completed
INT0227,CAN240,JOB018,3,EMP035,2026-07-07,cancelled
INT0228,CAN030,JOB004,1,EMP033,2026-07-21,completed
INT0229,CAN211,JOB002,1,EMP032,2026-04-11,completed
INT0230,CAN211,JOB002,2,EMP032,2026-06-25,completed
INT0231,CAN016,JOB017,1,EMP072,2026-06-23,scheduled
INT0232,CAN283,JOB004,1,EMP085,2026-04-26,cancelled
INT0233,CAN283,JOB004,2,EMP032,2026-04-03,completed
INT0234,CAN088,JOB025,1,EMP034,2026-08-10,completed
INT0235,CAN088,JOB025,2,EMP083,2026-05-14,scheduled
INT0236,CAN088,JOB025,3,EMP033,2026-06-28,completed
INT0237,CAN163,JOB015,1,EMP061,2026-05-28,scheduled
INT0238,CAN101,JOB019,1,EMP047,2026-06-04,completed
INT0239,CAN101,JOB019,2,EMP084,2026-06-11,cancelled
INT0240,CAN101,JOB019,3,EMP084,2026-07-25,cancelled
INT0241,CAN130,JOB023,1,EMP034,2026-07-08,completed
INT0242,CAN130,JOB023,2,EMP061,2026-06-24,scheduled
INT0243,CAN005,JOB024,1,EMP059,2026-04-18,cancelled
INT0244,CAN005,JOB024,2,EMP085,2026-08-06,cancelled
INT0245,CAN224,JOB003,1,EMP061,2026-07-22,completed
INT0246,CAN224,JOB003,2,EMP035,2026-05-29,completed
INT0247,CAN161,JOB030,1,EMP033,2026-06-29,scheduled
INT0248,CAN250,JOB003,1,EMP085,2026-07-08,cancelled
INT0249,CAN176,JOB015,1,EMP084,2026-04-04,scheduled
INT0250,CAN036,JOB022,1,EMP059,2026-04-21,cancelled
INT0251,CAN036,JOB022,2,EMP061,2026-06-27,completed
INT0252,CAN059,JOB020,1,EMP061,2026-07-04,completed
INT0253,CAN059,JOB020,2,EMP073,2026-06-11,completed
INT0254,CAN059,JOB020,3,EMP086,2026-07-03,completed
INT0255,CAN069,JOB025,1,EMP048,2026-08-24,completed
INT0256,CAN069,JOB025,2,EMP074,2026-06-08,completed
INT0257,CAN069,JOB025,3,EMP033,2026-06-26,completed
INT0258,CAN243,JOB002,1,EMP083,2026-04-28,completed
INT0259,CAN243,JOB002,2,EMP084,2026-05-11,scheduled
INT0260,CAN173,JOB002,1,EMP083,2026-04-12,completed
INT0261,CAN173,JOB002,2,EMP084,2026-08-03,cancelled
INT0262,CAN173,JOB002,3,EMP085,2026-05-16,completed
INT0263,CAN116,JOB020,1,EMP074,2026-08-02,completed
INT0264,CAN116,JOB020,2,EMP034,2026-07-27,completed
INT0265,CAN044,JOB004,1,EMP048,2026-06-01,completed
INT0266,CAN044,JOB004,2,EMP083,2026-06-05,completed
INT0267,CAN044,JOB004,3,EMP084,2026-07-04,completed
INT0268,CAN282,JOB008,1,EMP073,2026-07-23,completed
INT0269,CAN282,JOB008,2,EMP084,2026-04-14,completed
INT0270,CAN269,JOB010,1,EMP059,2026-08-07,completed
INT0271,CAN269,JOB010,2,EMP032,2026-04-30,completed
INT0272,CAN269,JOB010,3,EMP032,2026-09-01,completed
INT0273,CAN188,JOB004,1,EMP072,2026-05-10,completed
INT0274,CAN188,JOB004,2,EMP032,2026-04-20,cancelled
INT0275,CAN061,JOB002,1,EMP034,2026-08-16,cancelled
INT0276,CAN178,JOB007,1,EMP033,2026-08-04,completed
INT0277,CAN178,JOB007,2,EMP083,2026-07-02,completed
INT0278,CAN241,JOB017,1,EMP084,2026-05-12,completed
INT0279,CAN241,JOB017,2,EMP085,2026-05-30,completed
INT0280,CAN171,JOB001,1,EMP034,2026-07-05,completed
INT0281,CAN055,JOB018,1,EMP035,2026-06-20,completed
INT0282,CAN055,JOB018,2,EMP072,2026-07-29,completed
INT0283,CAN055,JOB018,3,EMP048,2026-05-15,completed
INT0284,CAN147,JOB030,1,EMP074,2026-04-12,completed
INT0285,CAN276,JOB015,1,EMP048,2026-06-24,completed
INT0286,CAN251,JOB014,1,EMP034,2026-09-01,completed
INT0287,CAN251,JOB014,2,EMP083,2026-06-16,scheduled
INT0288,CAN095,JOB019,1,EMP060,2026-05-29,cancelled
INT0289,CAN095,JOB019,2,EMP033,2026-05-16,scheduled
INT0290,CAN149,JOB001,1,EMP059,2026-06-20,completed
INT0291,CAN198,JOB021,1,EMP059,2026-06-29,completed
INT0292,CAN198,JOB021,2,EMP033,2026-05-28,cancelled
INT0293,CAN198,JOB021,3,EMP084,2026-05-15,completed
INT0294,CAN031,JOB006,1,EMP047,2026-06-07,completed
INT0295,CAN031,JOB006,2,EMP047,2026-06-01,completed
INT0296,CAN066,JOB003,1,EMP084,2026-04-01,scheduled
INT0297,CAN168,JOB017,1,EMP083,2026-05-07,completed
INT0298,CAN168,JOB017,2,EMP073,2026-06-29,cancelled
INT0299,CAN168,JOB017,3,EMP083,2026-04-27,completed
INT0300,CAN157,JOB021,1,EMP086,2026-05-08,completed
INT0301,CAN157,JOB021,2,EMP032,2026-08-25,scheduled
INT0302,CAN157,JOB021,3,EMP034,2026-06-18,completed
INT0303,CAN051,JOB004,1,EMP047,2026-06-08,scheduled
INT0304,CAN051,JOB004,2,EMP083,2026-05-01,completed
INT0305,CAN249,JOB007,1,EMP072,2026-07-02,completed
INT0306,CAN249,JOB007,2,EMP084,2026-08-22,completed
INT0307,CAN200,JOB020,1,EMP061,2026-08-18,scheduled
INT0308,CAN200,JOB020,2,EMP084,2026-05-24,completed
INT0309,CAN159,JOB010,1,EMP084,2026-04-21,completed
INT0310,CAN159,JOB010,2,EMP073,2026-05-23,completed
INT0311,CAN261,JOB003,1,EMP032,2026-08-20,cancelled
INT0312,CAN261,JOB003,2,EMP086,2026-05-18,completed
INT0313,CAN261,JOB003,3,EMP060,2026-07-04,completed
INT0314,CAN022,JOB006,1,EMP086,2026-06-30,completed
INT0315,CAN087,JOB004,1,EMP035,2026-04-28,completed
INT0316,CAN087,JOB004,2,EMP032,2026-07-31,completed
INT0317,CAN087,JOB004,3,EMP072,2026-05-03,cancelled
INT0318,CAN219,JOB013,1,EMP073,2026-06-15,completed
INT0319,CAN219,JOB013,2,EMP084,2026-05-20,completed
INT0320,CAN219,JOB013,3,EMP085,2026-06-18,completed
INT0321,CAN112,JOB012,1,EMP083,2026-07-13,completed
INT0322,CAN112,JOB012,2,EMP047,2026-05-09,completed
INT0323,CAN112,JOB012,3,EMP035,2026-08-19,completed
INT0324,CAN190,JOB002,1,EMP086,2026-04-29,cancelled
INT0325,CAN190,JOB002,2,EMP048,2026-08-21,completed
INT0326,CAN190,JOB002,3,EMP047,2026-06-24,completed
INT0327,CAN271,JOB030,1,EMP034,2026-06-14,completed
INT0328,CAN271,JOB030,2,EMP048,2026-08-21,cancelled
INT0329,CAN065,JOB005,1,EMP085,2026-08-22,completed
INT0330,CAN065,JOB005,2,EMP047,2026-04-08,completed
INT0331,CAN065,JOB005,3,EMP061,2026-07-04,completed
INT0332,CAN181,JOB028,1,EMP048,2026-05-26,completed
INT0333,CAN222,JOB021,1,EMP035,2026-08-21,completed
INT0334,CAN046,JOB007,1,EMP060,2026-06-24,scheduled
INT0335,CAN012,JOB017,1,EMP047,2026-04-21,completed
INT0336,CAN012,JOB017,2,EMP086,2026-04-07,completed
INT0337,CAN278,JOB011,1,EMP059,2026-04-13,completed
INT0338,CAN278,JOB011,2,EMP072,2026-05-11,completed
INT0339,CAN106,JOB014,1,EMP060,2026-05-13,completed
INT0340,CAN106,JOB014,2,EMP084,2026-07-06,completed
INT0341,CAN038,JOB006,1,EMP073,2026-04-13,completed
INT0342,CAN207,JOB025,1,EMP085,2026-08-02,scheduled
INT0343,CAN207,JOB025,2,EMP059,2026-08-12,completed
INT0344,CAN004,JOB016,1,EMP061,2026-04-12,scheduled
INT0345,CAN004,JOB016,2,EMP072,2026-06-14,scheduled
INT0346,CAN201,JOB030,1,EMP084,2026-05-18,completed
INT0347,CAN201,JOB030,2,EMP033,2026-08-06,completed
INT0348,CAN201,JOB030,3,EMP085,2026-05-15,cancelled
INT0349,CAN131,JOB029,1,EMP083,2026-06-03,cancelled
INT0350,CAN131,JOB029,2,EMP048,2026-06-12,completed
INT0351,CAN131,JOB029,3,EMP074,2026-06-12,completed
INT0352,CAN094,JOB002,1,EMP032,2026-08-15,scheduled
INT0353,CAN094,JOB002,2,EMP074,2026-06-27,completed
INT0354,CAN094,JOB002,3,EMP083,2026-05-05,scheduled
INT0355,CAN194,JOB015,1,EMP032,2026-07-14,cancelled
INT0356,CAN194,JOB015,2,EMP061,2026-07-10,completed
INT0357,CAN194,JOB015,3,EMP085,2026-07-09,scheduled
INT0358,CAN086,JOB026,1,EMP059,2026-05-26,scheduled
INT0359,CAN086,JOB026,2,EMP084,2026-07-03,cancelled
INT0360,CAN086,JOB026,3,EMP085,2026-05-11,cancelled
INT0361,CAN040,JOB002,1,EMP032,2026-04-07,scheduled
INT0362,CAN040,JOB002,2,EMP047,2026-08-14,completed
INT0363,CAN117,JOB016,1,EMP086,2026-08-11,completed
INT0364,CAN117,JOB016,2,EMP060,2026-08-13,completed
INT0365,CAN117,JOB016,3,EMP035,2026-08-30,completed
INT0366,CAN183,JOB014,1,EMP047,2026-07-23,scheduled
INT0367,CAN296,JOB025,1,EMP060,2026-08-03,scheduled
INT0368,CAN296,JOB025,2,EMP048,2026-07-08,scheduled
INT0369,CAN296,JOB025,3,EMP047,2026-05-13,completed
INT0370,CAN137,JOB005,1,EMP083,2026-07-20,completed
INT0371,CAN096,JOB023,1,EMP047,2026-05-25,scheduled
INT0372,CAN096,JOB023,2,EMP060,2026-08-19,completed
INT0373,CAN136,JOB020,1,EMP083,2026-05-01,scheduled
INT0374,CAN187,JOB010,1,EMP035,2026-08-28,completed
INT0375,CAN187,JOB010,2,EMP084,2026-07-09,cancelled
INT0376,CAN150,JOB026,1,EMP048,2026-06-04,cancelled
INT0377,CAN150,JOB026,2,EMP072,2026-07-14,cancelled
INT0378,CAN150,JOB026,3,EMP060,2026-08-03,scheduled
