project_id,project_name,department_id,description,project_type,start_date,end_date,status,business_priority,technology_stack
PRJ001,Atlas Platform,DEP001,Core backend microservices platform,development,2025-11-07,2026-04-18,completed,high,"Python,FastAPI,PostgreSQL,Docker,Kubernetes"
PRJ002,Nova Dashboard,DEP001,Real-time analytics dashboard,development,2025-11-08,2026-02-25,completed,high,"React,TypeScript,Node.js,Redis,GraphQL"
PRJ003,Shield Security,DEP010,Security monitoring and threat detection system,development,2025-12-18,2026-04-30,completed,critical,"Python,Elasticsearch,AWS,Docker"
PRJ004,Velocity CI/CD,DEP001,CI/CD pipeline modernization,infrastructure,2025-11-11,2026-04-18,completed,high,"Jenkins,Docker,Kubernetes,Terraform,AWS"
PRJ005,Prism Analytics,DEP009,ML-powered business analytics platform,data_science,2026-01-05,2026-06-29,completed,high,"Python,TensorFlow,Spark,PostgreSQL"
PRJ006,Horizon CRM,DEP003,Next-gen customer relationship management,development,2026-01-11,2026-05-22,completed,medium,"Salesforce,React,Node.js,PostgreSQL"
PRJ007,Pulse Marketing,DEP004,Marketing automation and campaign manager,development,2026-01-20,2026-04-20,completed,medium,"Python,Django,React,Redis"
PRJ008,Nexus HR,DEP002,HR management and employee portal,development,2025-11-18,2026-02-10,completed,medium,"Python,Django,React,PostgreSQL"
PRJ009,Quantum Finance,DEP005,Financial reporting and budgeting system,development,2025-12-22,2026-05-26,completed,high,"Python,PostgreSQL,Power BI,React"
PRJ010,Meridian Ops,DEP006,Operations management and tracking,development,2025-12-15,2026-05-17,completed,medium,"Python,FastAPI,MongoDB,React"
PRJ011,Echo Support,DEP007,AI-powered customer support platform,development,2025-11-20,2026-03-10,completed,medium,"Python,NLP,React,PostgreSQL,Redis"
PRJ012,Catalyst Mobile,DEP001,Cross-platform mobile application,development,2026-01-18,2026-07-27,active,high,"React Native,Node.js,Firebase"
PRJ013,Apex Data Lake,DEP009,Enterprise data lake and ETL pipelines,data_science,2025-12-23,2026-06-29,completed,high,"Spark,Kafka,Airflow,AWS,Python"
PRJ014,Forge DevTools,DEP001,Internal developer tools and SDK,development,2025-11-07,2026-01-17,completed,medium,"Go,Docker,Kubernetes,gRPC"
PRJ015,Zenith Product,DEP008,Product analytics and roadmap management,development,2025-11-06,2026-02-09,completed,medium,"React,Node.js,PostgreSQL,Mixpanel"
PRJ016,Titan Infrastructure,DEP010,Cloud infrastructure migration,infrastructure,2025-12-14,2026-06-13,completed,critical,"AWS,Terraform,Ansible,Docker"
PRJ017,Orbit Marketing Analytics,DEP004,Marketing data analytics pipeline,data_science,2026-01-07,2026-07-02,active,medium,"Python,Google Analytics,Tableau,BigQuery"
PRJ018,Genesis Onboarding,DEP002,New employee onboarding automation,development,2025-11-21,2026-05-31,completed,low,"Python,Django,React"
PRJ019,Vanguard Sales AI,DEP003,AI-powered sales forecasting,data_science,2025-11-19,2026-04-11,completed,high,"Python,Scikit-learn,PostgreSQL,React"
PRJ020,Pinnacle QA,DEP001,Test automation framework,development,2026-01-19,2026-06-09,completed,medium,"Python,Selenium,Jenkins,Docker"
PRJ021,Ember Training,DEP002,Learning management system,development,2025-11-22,2026-05-01,completed,low,"Django,React,PostgreSQL"
PRJ022,Radiant Branding,DEP004,Brand management and asset platform,development,2026-01-19,2026-06-04,completed,low,"React,Node.js,AWS S3"
PRJ023,Citadel Compliance,DEP005,Regulatory compliance tracking,development,2026-01-16,2026-06-11,completed,high,"Python,PostgreSQL,React,Docker"
PRJ024,Helix Data Pipeline,DEP009,Real-time data streaming pipeline,data_science,2026-01-05,2026-07-14,active,high,"Kafka,Spark,Python,Cassandra"
PRJ025,Phoenix Legacy Migration,DEP001,Legacy system modernization,infrastructure,2026-01-09,2026-07-13,active,critical,"Java,Spring Boot,PostgreSQL,Docker"
PRJ026,Summit Executive Dashboard,DEP008,C-suite reporting dashboard,development,2026-01-31,2026-06-16,completed,high,"React,D3.js,Node.js,PostgreSQL"
PRJ027,Sentinel Monitoring,DEP010,Infrastructure monitoring and alerting,infrastructure,2026-01-01,2026-03-06,completed,high,"Prometheus,Grafana,Python,Docker"
PRJ028,Aurora Content Platform,DEP004,Content management and publishing,development,2025-12-19,2026-05-12,completed,medium,"Django,React,Elasticsearch,AWS"
PRJ029,Nebula API Gateway,DEP001,API gateway and rate limiting service,infrastructure,2026-01-27,2026-04-25,completed,high,"Go,Redis,Docker,Kubernetes"
PRJ030,Stellar Customer Insights,DEP003,Customer behavior analytics,data_science,2025-12-25,2026-05-12,completed,medium,"Python,Pandas,Tableau,PostgreSQL"
