role_kpi_id,role_id,kpi_id,weight,target_value,minimum_value,maximum_value,measurement_unit,measurement_type,direction,is_mandatory,active
RKPI001,ROLE001,KPI_TASK_COMPLETION,0.2,50,0,100,tasks,count,higher_is_better,true,true
RKPI002,ROLE001,KPI_QUALITY,0.2,90,0,100,score,score,higher_is_better,true,true
RKPI003,ROLE001,KPI_ONTIME_DELIVERY,0.15,85,0,100,percent,percentage,higher_is_better,true,true
RKPI004,ROLE001,KPI_TECHNICAL_SKILL,0.15,80,0,100,score,score,higher_is_better,true,true
RKPI005,ROLE001,KPI_COLLABORATION,0.1,4.0,1,5,rating,rating,higher_is_better,false,true
RKPI006,ROLE001,KPI_LEARNING,0.1,75,0,100,score,score,higher_is_better,false,true
RKPI007,ROLE001,KPI_PROJECT_CONTRIBUTION,0.1,75,0,100,score,score,higher_is_better,false,true
RKPI008,ROLE002,KPI_TASK_COMPLETION,0.2,45,0,100,tasks,count,higher_is_better,true,true
RKPI009,ROLE002,KPI_QUALITY,0.2,88,0,100,score,score,higher_is_better,true,true
RKPI010,ROLE002,KPI_ONTIME_DELIVERY,0.15,85,0,100,percent,percentage,higher_is_better,true,true
RKPI011,ROLE002,KPI_TECHNICAL_SKILL,0.15,78,0,100,score,score,higher_is_better,true,true
RKPI012,ROLE002,KPI_COLLABORATION,0.1,4.0,1,5,rating,rating,higher_is_better,false,true
RKPI013,ROLE002,KPI_LEARNING,0.1,75,0,100,score,score,higher_is_better,false,true
RKPI014,ROLE002,KPI_PROJECT_CONTRIBUTION,0.1,75,0,100,score,score,higher_is_better,false,true
RKPI015,ROLE003,KPI_TASK_COMPLETION,0.2,40,0,100,tasks,count,higher_is_better,true,true
RKPI016,ROLE003,KPI_QUALITY,0.2,92,0,100,score,score,higher_is_better,true,true
RKPI017,ROLE003,KPI_ONTIME_DELIVERY,0.15,88,0,100,percent,percentage,higher_is_better,true,true
RKPI018,ROLE003,KPI_TECHNICAL_SKILL,0.2,82,0,100,score,score,higher_is_better,true,true
RKPI019,ROLE003,KPI_COLLABORATION,0.1,4.0,1,5,rating,rating,higher_is_better,false,true
RKPI020,ROLE003,KPI_LEARNING,0.15,78,0,100,score,score,higher_is_better,false,true
RKPI021,ROLE004,KPI_GOAL_ACHIEVEMENT,0.25,85,0,100,percent,percentage,higher_is_better,true,true
RKPI022,ROLE004,KPI_COLLABORATION,0.2,4.2,1,5,rating,rating,higher_is_better,true,true
RKPI023,ROLE004,KPI_PROJECT_CONTRIBUTION,0.2,80,0,100,score,score,higher_is_better,true,true
RKPI024,ROLE004,KPI_TECHNICAL_SKILL,0.1,75,0,100,score,score,higher_is_better,false,true
RKPI025,ROLE004,KPI_ONTIME_DELIVERY,0.15,85,0,100,percent,percentage,higher_is_better,true,true
RKPI026,ROLE004,KPI_QUALITY,0.1,88,0,100,score,score,higher_is_better,false,true
RKPI027,ROLE005,KPI_QUALITY,0.3,95,0,100,score,score,higher_is_better,true,true
RKPI028,ROLE005,KPI_TASK_COMPLETION,0.2,60,0,100,tasks,count,higher_is_better,true,true
RKPI029,ROLE005,KPI_ONTIME_DELIVERY,0.15,85,0,100,percent,percentage,higher_is_better,true,true
RKPI030,ROLE005,KPI_TECHNICAL_SKILL,0.15,78,0,100,score,score,higher_is_better,true,true
RKPI031,ROLE005,KPI_COLLABORATION,0.1,4.0,1,5,rating,rating,higher_is_better,false,true
RKPI032,ROLE005,KPI_LEARNING,0.1,75,0,100,score,score,higher_is_better,false,true
RKPI033,ROLE006,KPI_TASK_COMPLETION,0.2,40,0,100,tasks,count,higher_is_better,true,true
RKPI034,ROLE006,KPI_GOAL_ACHIEVEMENT,0.2,80,0,100,percent,percentage,higher_is_better,true,true
RKPI035,ROLE006,KPI_COLLABORATION,0.2,4.0,1,5,rating,rating,higher_is_better,true,true
RKPI036,ROLE006,KPI_ATTENDANCE,0.15,95,0,100,percent,percentage,higher_is_better,false,true
RKPI037,ROLE006,KPI_LEARNING,0.1,70,0,100,score,score,higher_is_better,false,true
RKPI038,ROLE006,KPI_CUSTOMER_SAT,0.15,4.0,1,5,rating,rating,higher_is_better,false,true
RKPI039,ROLE007,KPI_GOAL_ACHIEVEMENT,0.25,85,0,100,percent,percentage,higher_is_better,true,true
RKPI040,ROLE007,KPI_COLLABORATION,0.2,4.2,1,5,rating,rating,higher_is_better,true,true
RKPI041,ROLE007,KPI_ATTENDANCE,0.1,95,0,100,percent,percentage,higher_is_better,false,true
RKPI042,ROLE007,KPI_CUSTOMER_SAT,0.15,4.2,1,5,rating,rating,higher_is_better,false,true
RKPI043,ROLE007,KPI_PROJECT_CONTRIBUTION,0.15,78,0,100,score,score,higher_is_better,false,true
RKPI044,ROLE007,KPI_LEARNING,0.15,75,0,100,score,score,higher_is_better,false,true
RKPI045,ROLE008,KPI_REVENUE,0.3,100,0,200,percent,percentage,higher_is_better,true,true
RKPI046,ROLE008,KPI_SALES_CONVERSION,0.25,25,0,100,percent,percentage,higher_is_better,true,true
RKPI047,ROLE008,KPI_CUSTOMER_SAT,0.15,4.0,1,5,rating,rating,higher_is_better,false,true
RKPI048,ROLE008,KPI_TASK_COMPLETION,0.1,35,0,100,tasks,count,higher_is_better,false,true
RKPI049,ROLE008,KPI_GOAL_ACHIEVEMENT,0.1,80,0,100,percent,percentage,higher_is_better,false,true
RKPI050,ROLE008,KPI_ATTENDANCE,0.1,92,0,100,percent,percentage,higher_is_better,false,true
RKPI051,ROLE009,KPI_REVENUE,0.3,100,0,200,percent,percentage,higher_is_better,true,true
RKPI052,ROLE009,KPI_SALES_CONVERSION,0.2,28,0,100,percent,percentage,higher_is_better,true,true
RKPI053,ROLE009,KPI_GOAL_ACHIEVEMENT,0.2,85,0,100,percent,percentage,higher_is_better,true,true
RKPI054,ROLE009,KPI_COLLABORATION,0.15,4.2,1,5,rating,rating,higher_is_better,false,true
RKPI055,ROLE009,KPI_PROJECT_CONTRIBUTION,0.15,80,0,100,score,score,higher_is_better,false,true
RKPI056,ROLE010,KPI_TASK_COMPLETION,0.2,40,0,100,tasks,count,higher_is_better,true,true
RKPI057,ROLE010,KPI_GOAL_ACHIEVEMENT,0.2,80,0,100,percent,percentage,higher_is_better,true,true
RKPI058,ROLE010,KPI_ONTIME_DELIVERY,0.15,85,0,100,percent,percentage,higher_is_better,true,true
RKPI059,ROLE010,KPI_COLLABORATION,0.15,4.0,1,5,rating,rating,higher_is_better,false,true
RKPI060,ROLE010,KPI_LEARNING,0.15,72,0,100,score,score,higher_is_better,false,true
RKPI061,ROLE010,KPI_PROJECT_CONTRIBUTION,0.15,75,0,100,score,score,higher_is_better,false,true
RKPI062,ROLE011,KPI_QUALITY,0.25,92,0,100,score,score,higher_is_better,true,true
RKPI063,ROLE011,KPI_TASK_COMPLETION,0.2,38,0,100,tasks,count,higher_is_better,true,true
RKPI064,ROLE011,KPI_GOAL_ACHIEVEMENT,0.2,82,0,100,percent,percentage,higher_is_better,true,true
RKPI065,ROLE011,KPI_TECHNICAL_SKILL,0.15,80,0,100,score,score,higher_is_better,true,true
RKPI066,ROLE011,KPI_ONTIME_DELIVERY,0.1,88,0,100,percent,percentage,higher_is_better,false,true
RKPI067,ROLE011,KPI_ATTENDANCE,0.1,95,0,100,percent,percentage,higher_is_better,false,true
RKPI068,ROLE012,KPI_GOAL_ACHIEVEMENT,0.25,85,0,100,percent,percentage,higher_is_better,true,true
RKPI069,ROLE012,KPI_QUALITY,0.2,90,0,100,score,score,higher_is_better,true,true
RKPI070,ROLE012,KPI_ONTIME_DELIVERY,0.2,88,0,100,percent,percentage,higher_is_better,true,true
RKPI071,ROLE012,KPI_COLLABORATION,0.15,4.2,1,5,rating,rating,higher_is_better,false,true
RKPI072,ROLE012,KPI_ATTENDANCE,0.1,95,0,100,percent,percentage,higher_is_better,false,true
RKPI073,ROLE012,KPI_PROJECT_CONTRIBUTION,0.1,78,0,100,score,score,higher_is_better,false,true
RKPI074,ROLE013,KPI_CUSTOMER_SAT,0.3,4.2,1,5,rating,rating,higher_is_better,true,true
RKPI075,ROLE013,KPI_TASK_COMPLETION,0.2,55,0,100,tasks,count,higher_is_better,true,true
RKPI076,ROLE013,KPI_QUALITY,0.15,85,0,100,score,score,higher_is_better,true,true
RKPI077,ROLE013,KPI_ATTENDANCE,0.15,95,0,100,percent,percentage,higher_is_better,false,true
RKPI078,ROLE013,KPI_COLLABORATION,0.1,3.8,1,5,rating,rating,higher_is_better,false,true
RKPI079,ROLE013,KPI_LEARNING,0.1,70,0,100,score,score,higher_is_better,false,true
RKPI080,ROLE014,KPI_GOAL_ACHIEVEMENT,0.25,85,0,100,percent,percentage,higher_is_better,true,true
RKPI081,ROLE014,KPI_COLLABORATION,0.2,4.2,1,5,rating,rating,higher_is_better,true,true
RKPI082,ROLE014,KPI_PROJECT_CONTRIBUTION,0.2,82,0,100,score,score,higher_is_better,true,true
RKPI083,ROLE014,KPI_TASK_COMPLETION,0.15,38,0,100,tasks,count,higher_is_better,false,true
RKPI084,ROLE014,KPI_QUALITY,0.1,85,0,100,score,score,higher_is_better,false,true
RKPI085,ROLE014,KPI_LEARNING,0.1,75,0,100,score,score,higher_is_better,false,true
RKPI086,ROLE015,KPI_TECHNICAL_SKILL,0.25,82,0,100,score,score,higher_is_better,true,true
RKPI087,ROLE015,KPI_QUALITY,0.2,90,0,100,score,score,higher_is_better,true,true
RKPI088,ROLE015,KPI_TASK_COMPLETION,0.15,35,0,100,tasks,count,higher_is_better,true,true
RKPI089,ROLE015,KPI_PROJECT_CONTRIBUTION,0.15,80,0,100,score,score,higher_is_better,false,true
RKPI090,ROLE015,KPI_LEARNING,0.15,80,0,100,score,score,higher_is_better,false,true
RKPI091,ROLE015,KPI_GOAL_ACHIEVEMENT,0.1,80,0,100,percent,percentage,higher_is_better,false,true
RKPI092,ROLE016,KPI_TASK_COMPLETION,0.2,45,0,100,tasks,count,higher_is_better,true,true
RKPI093,ROLE016,KPI_QUALITY,0.2,90,0,100,score,score,higher_is_better,true,true
RKPI094,ROLE016,KPI_ONTIME_DELIVERY,0.15,88,0,100,percent,percentage,higher_is_better,true,true
RKPI095,ROLE016,KPI_TECHNICAL_SKILL,0.2,80,0,100,score,score,higher_is_better,true,true
RKPI096,ROLE016,KPI_ATTENDANCE,0.1,95,0,100,percent,percentage,higher_is_better,false,true
RKPI097,ROLE016,KPI_COLLABORATION,0.15,3.8,1,5,rating,rating,higher_is_better,false,true
RKPI098,ROLE017,KPI_QUALITY,0.25,93,0,100,score,score,higher_is_better,true,true
RKPI099,ROLE017,KPI_TECHNICAL_SKILL,0.25,84,0,100,score,score,higher_is_better,true,true
RKPI100,ROLE017,KPI_TASK_COMPLETION,0.15,38,0,100,tasks,count,higher_is_better,true,true
RKPI101,ROLE017,KPI_ONTIME_DELIVERY,0.15,88,0,100,percent,percentage,higher_is_better,true,true
RKPI102,ROLE017,KPI_LEARNING,0.1,80,0,100,score,score,higher_is_better,false,true
RKPI103,ROLE017,KPI_GOAL_ACHIEVEMENT,0.1,80,0,100,percent,percentage,higher_is_better,false,true
